{
    "Dhaka": "ঢাকা",
    "Sylhet": "সিলেট",
    "Chattogram": "চট্টগ্রাম",
    "Rajshahi": "রাজশাহী",
    "Khulna": "খুলনা",
    "Barishal": "বরিশাল",
    "Munshiganj": "মুন্সিগঞ্জ",
    "Narayanganj": "নারায়ণগঞ্জ",
    "Gazipur": "গাজীপুর",
    "Manikganj": "মানিকগঞ্জ",
    "Tangail": "টাঙ্গাইল",
    "Jamalpur": "জামালপুর",
    "Sherpur": "শেরপুর",
    "Kishoreganj": "কিশোরগঞ্জ",
    "Netrokona": "নেত্রকোনা",
    "Sunamganj": "সুনামগঞ্জ",
    "Moulvibazar": "মৌলভীবাজার",
    "Habiganj": "হবিগঞ্জ",
    "Brahmanbaria": "ব্রাহ্মণবাড়িয়া",
    "Cumilla": "কুমিল্লা",
    "Lakshmipur": "লক্ষ্মীপুর",
    "Noakhali": "নোয়াখালী",
    "Feni": "ফেনী",
    "Khagrachhari": "খাগড়াছড়ি",
    "Rangamati": "রাঙ্গামাটি",
    "Bandarban": "বান্দরবান",
    "Cox's Bazar": "কক্সবাজার",
    "Panchagarh": "পঞ্চগড়",
    "Dinajpur": "দিনাজপুর",
    "Nilphamari": "নীলফামারী",
    "Lalmonirhat": "লালমনিরহাট",
    "Kurigram": "কুড়িগ্রাম",
    "Gaibandha": "গাইবান্ধা",
    "Bogura": "বগুড়া",
    "Joypurhat": "জয়পুরহাট",
    "Natore": "নাটোর",
    "Pabna": "পাবনা",
    "Sirajganj": "সিরাজগঞ্জ",
    "Kushtia": "কুষ্টিয়া",
    "Meherpur": "মেহেরপুর",
    "Chuadanga": "চুয়াডাঙ্গা",
    "Jhenaidah": "ঝিনাইদহ",
    "Jashore": "যশোর",
    "Narail": "নড়াইল",
    "Magura": "মাগুরা",
    "Rajbari": "রাজবাড়ী",
    "Faridpur": "ফরিদপুর",
    "Madaripur": "মাদারীপুর",
    "Shariatpur": "শরীয়তপুর",
    "Gopalganj": "গোপালগঞ্জ",
    "Bhola": "ভোলা",
    "Jhalokati": "ঝালকাঠি",
    "Pirojpur": "পিরোজপুর",
    "Patuakhali": "পটুয়াখালী",
    "Barguna": "বরগুনা",
    "Bagerhat": "বাগেরহাট",
    "Satkhira": "সাতক্ষীরা",
    "Palton": "পল্টন",
    "Sutrapur": "সূত্রাপুর",
    "New market": "নিউমার্কেট",
    "Mohammadpur": "মোহাম্মদপুর",
    "Dhanmondi": "ধানমন্ডি",
    "Lalbag": "লালবাগ",
    "Gulshan": "গুলশান",
    "Sabujbag": "সবুজবাগ",
    "Mirpur": "মিরপুর",
    "Ramna": "রমনা",
    "Motijheel": "মতিঝিল",
    "Khilkhet": "খিলক্ষেত",
    "Uttara": "উত্তরা",
    "Jatrabari": "যাত্রাবাড়ী",
    "Keraniganj": "কেরানীগঞ্জ",
    "Nawabganj": "নবাবগঞ্জ",
    "Joypara": "জয়পাড়া",
    "Savar": "সাভার",
    "Dhamrai": "ধামরাই",
    "Demra": "ডেমরা",
    "Bandar": "বন্দর",
    "Fatullah": "ফতুল্লাহ",
    "Siddirganj": "সিদ্ধিরগঞ্জ",
    "Araihazar": "আড়াইহাজার",
    "Rupganj": "রূপগঞ্জ",
    "Sirajdikhan": "সিরাজদিখান",
    "Srinagar": "শ্রীনগর",
    "Palash": "পলাশ",
    "Shibpur": "শিবপুর",
    "Raypura": "রায়পুর",
    "Belabo": "বেলাবো",
    "Kaliganj": "কালীগঞ্জ",
    "Sreepur": "শ্রীপুর",
    "Kaliakaar": "কালিয়াকার",
    "Saturia": "সাটুরিয়া",
    "Delduar": "দেলদুয়ার",
    "Basail": "বাসাইল",
    "Nagarpur": "নাগরপুর",
    "Mirzapur": "মির্জাপুর",
    "Sakhipur": "সখীপুর",
    "Bhuapur": "ভুয়াপুর",
    "Kalihati": "কালিহাতী",
    "Ghatail": "ঘাটাইল",
    "Gopalpur": "গোপালপুর",
    "Madhupur": "মধুপুর",
    "Islampur": "ইসলামপুর",
    "Shorishabari": "সরিষাবাড়ী",
    "Nalitabari": "নালিতাবাড়ী",
    "Bakshigonj": "বকশীগঞ্জ",
    "Nakla": "নাকলা",
    "Muktagachha": "মুক্তাগাছা",
    "Fulbaria": "ফুলবাড়ীয়া",
    "Trishal": "ত্রিশাল",
    "Bhaluka": "ভালুকা",
    "Phulpur": "ফুলপুর",
    "Haluaghat": "হালুয়াঘাট",
    "Nandail": "নান্দাইল",
    "Karimganj": "করিমগঞ্জ",
    "Pakundia": "পাকুন্দিয়া",
    "Katiadi": "কটিয়াদী",
    "Bajitpur": "বাজিতপুর",
    "Kuliarchar": "কুলিয়ারচর",
    "Bhairob": "ভৈরব",
    "Nikli": "নিকলী",
    "Ostagram": "অষ্টগ্রাম",
    "Itna": "ইটনা",
    "Kalmakanda": "কলমাকান্দা",
    "Barhatta": "বারহাট্টা",
    "Mohanganj": "মোহনগঞ্জ",
    "Khaliajuri": "খালিয়াজুরী",
    "Atpara": "আটপাড়া",
    "Kendua": "কেন্দুয়া",
    "Madan": "মদন",
    "Sunamganj Sadar": "সুনামগঞ্জ",
    "Bishamsarpur": "বিষমশরপুর",
    "Tahirpur": "তাহিরপুর",
    "Chhatak": "ছাতক",
    "Fenchuganj": "ফেঞ্চুগঞ্জ",
    "Balaganj": "বালাগঞ্জ",
    "Bishwanath": "বিশ্বনাথ",
    "Jaintapur": "জয়ন্তপুর",
    "Kanaighat": "কানাইঘাট",
    "Kamalganj": "কমলগঞ্জ",
    "Kulaura": "কুলাউড়া",
    "Rajnagar": "রাজনগর",
    "Baralekha": "বড়লেখা",
    "Bahubal": "বাহুবল",
    "Chunarughat": "চুনারুঘাট",
    "Madhabpur": "মাধবপুর",
    "Nabiganj": "নবীগঞ্জ",
    "Nabinagar": "নবীনগর",
    "Banchharampur": "বাঞ্ছারামপুর",
    "Sarail": "সরাইল",
    "Nasirnagar": "নাসিরনগর",
    "Akhaura": "আখাউড়া",
    "Kasba": "কসবা",
    "Chandina": "চান্দিনা",
    "Daudkandi": "দাউদকান্দি",
    "Brahmanpara": "ব্রাহ্মণপাড়া",
    "Davidhar": "দাবিদহর",
    "Muradnagar": "মুরাদনগর",
    "Homna": "হোমনা",
    "Chouddagram": "চৌদ্দগ্রাম",
    "Barura": "বরুড়া",
    "Laksam": "লাকসাম",
    "Langalkot": "লাঙ্গলকোট",
    "Hajiganj": "হাজীগঞ্জ",
    "Shahrasti": "শাহরাস্তি",
    "Kachua": "কচুয়া",
    "Matlobganj": "মতলবগঞ্জ",
    "Faridganj": "ফরিদগঞ্জ",
    "Hayemchar": "হায়েমচর",
    "Raypur": "রায়পুর",
    "Ramganj": "রামগঞ্জ",
    "Begumganj": "বেগমগঞ্জ",
    "Basurhat": "বসুরহাট",
    "Senbag": "সেনবাগ",
    "Chatkhil": "চাটখিল",
    "Hatiya": "হাতিয়া",
    "Chhagalnaia": "ছাগলনাইয়া",
    "Sonagazi": "সোনাগাজী",
    "Sandwip": "সন্দ্বীপ",
    "Sitakunda": "সীতাকুণ্ড",
    "Mirsharai": "মীরসরাই",
    "Hathazari": "হাটহাজারী",
    "Rouzan": "রাউজান",
    "Fatikchhari": "ফটিকছড়ি",
    "Rangunia": "রাঙ্গুনিয়া",
    "Boalkhali": "বোয়ালখালী",
    "Anawara": "আনোয়ারা",
    "Satkania": "সাতকানিয়া",
    "Jaldi": "জালদী",
    "Lohagara": "লোহাগাড়া",
    "Panchhari": "পানছড়ি",
    "Diginala": "দিঘীনালা",
    "Mahalchhari": "মহালছড়ি",
    "Matiranga": "মাটিরাঙ্গা",
    "Manikchhari": "মানিকছড়ি",
    "Laxmichhari": "লক্ষীছড়ি",
    "Kalampati": "কালামপাটি",
    "Naniachhar": "নানিয়ারচর",
    "Kaptai": "কাপ্তাই",
    "Rajsthali": "রাজস্থলী",
    "Bilaichhari": "বিলাইছড়ি",
    "Jarachhari": "জুরাছড়ি",
    "Barakal": "বরকল",
    "Marishya": "মারিশ্যা",
    "Ruma": "রুমা",
    "Thanchi": "থানচি",
    "Alikadam": "আলীকদম",
    "Kutubdia": "কুতুবদিয়া",
    "Ramu": "রামু",
    "Chiringga": "চিরিঙ্গা",
    "Ukhia": "উখিয়া",
    "Teknaf": "টেকনাফ",
    "Boda": "বোদা",
    "Pirganj": "পীরগঞ্জ",
    "Baliadangi": "বালিয়াডাঙ্গী",
    "Biral": "বিড়াল",
    "Birganj": "বীরগঞ্জ",
    "Khansama": "খানসামা",
    "Phulbari": "ফুলবাড়ী",
    "Birampur": "বিরামপুর",
    "Domar": "ডোমার",
    "Dimla": "ডিমলা",
    "Gangachara": "গঙ্গাচড়া",
    "Taraganj": "তারাগঞ্জ",
    "Kaunia": "কাউনিয়া",
    "Pirgachha": "পীরগাছা",
    "Aditmari": "আদিতমারী",
    "Hatibandha": "হাতিবান্ধা",
    "Patgram": "পাটগ্রাম",
    "Rajarhat": "রাজারহাট",
    "Ulipur": "উলিপুর",
    "Chilmari": "চিলমারী",
    "Bhurungamari": "ভুরুঙ্গামারী",
    "Sundarganj": "সুন্দরগঞ্জ",
    "Palashbari": "পলাশবাড়ী",
    "Phulchhari": "ফুলছড়ি",
    "Shibganj": "শিবগঞ্জ",
    "Sariakandi": "সারিয়াকান্দি",
    "Dhunat": "ধুনট",
    "Nandigram": "নন্দিগ্রাম",
    "Alamdighi": "আলমডিঙ্গি",
    "Khetlal": "খেতলাল",
    "Akkelpur": "আক্কেলপুর",
    "Durgapur": "দুর্গাপুর",
    "Bagha": "বাঘা",
    "Godagari": "গোদাগাড়ী",
    "Rohanpur": "রোহনপুর",
    "Bholahat": "ভোলাহাট",
    "Shibganj U.P.O": "ইউপিও",
    "Gopalpur UPO": "ইউপিও",
    "Mahadebpur": "মহাদেবপুর",
    "Patnitala": "পত্নিতলা",
    "Sapahar": "সাপাহার",
    "Badalgachhi": "বদলগাছী",
    "Chatmohar": "চাটমোহর",
    "Bhangura": "ভাঙ্গুড়া",
    "Bera": "বেড়া",
    "Belkuchi": "বেলকুচি",
    "Shahjadpur": "শাহজাদপুর",
    "Tarash": "তাড়াশ",
    "Kumarkhali": "কুমারখালী",
    "Bheramara": "ভেড়ামারা",
    "Alamdanga": "আলমডাঙ্গা",
    "Damurhuda": "দামুড়হুদা",
    "Naldanga": "নলডাঙ্গা",
    "Chaugachha": "চৌগাছা",
    "Jhikargachha": "ঝিকরগাছা",
    "Keshabpur": "কেশবপুর",
    "Kalia": "কালিয়া",
    "Baliakandi": "বালিয়াকান্দি",
    "Charbhadrasan": "চরভদ্রাসন",
    "Sadarpur": "সদরপুর",
    "Bhanga": "ভাঙ্গা",
    "Nagarkanda": "নগরকান্দা",
    "Boalmari": "বোয়ালমারী",
    "Alfadanga": "আলফাডাঙ্গা",
    "Rajoir": "রাজৈর",
    "kalkini": "কালকিনি",
    "Naria": "নড়িয়া",
    "Gosairhat": "গোসাইরহাট",
    "Kotalipara": "কোটালীপাড়া",
    "Kashiani": "কাশিয়ানী",
    "Uzirpur": "উজিরপুর",
    "Agailzhara": "আগৈলঝাড়া",
    "Muladi": "মুলাদী",
    "Barajalia": "বড়জালিয়া",
    "Sahebganj": "সাহেবগঞ্জ",
    "Borhanuddin UPO": "বোরহানউদ্দিন",
    "Lalmohan UPO": "ইউপিও",
    "Rajapur": "রাজাপুর",
    "Kathalia": "কাঠালিয়া",
    "Nazirpur": "নাজিরপুর",
    "Bhandaria": "ভান্ডারিয়া",
    "Mathbaria": "মঠবাড়িয়া",
    "Bauphal": "বাউফল",
    "Galachipa": "গলাচিপা",
    "Amtali": "আমতলী",
    "Patharghata": "পাথরঘাটা",
    "Bamna": "বামনা",
    "Betagi": "বেতাগী",
    "Digalia": "দিগালিয়া",
    "Terakhada": "তেরখাদা",
    "Alaipur": "আলাইপুর",
    "Sajiara": "সাজিয়ারা",
    "Batiaghat": "বটিয়াঘাটা",
    "Paikgachha": "পাইকগাছা",
    "Kachua UPO": "ইউপিও",
    "Rampal": "রামপাল",
    "Fakirhat": "ফকিরহাট",
    "Mollahat": "মোল্লাহাট",
    "Kalaroa": "কলারোয়া",
    "Kaliganj UPO": "ইউপিও",
    "Ashashuni": "আশাশুনি",
    "Ati": "আটি",
    "Kalatia": "কলাতিয়া",
    "Hasnabad": "হাসনাবাদ",
    "Daudpur": "দাউদপুর",
    "Agla": "আগলা",
    "Palamganj": "পলমগঞ্জ",
    "Narisha": "নারিশা",
    "Haridia": "হারিদিয়া",
    "Gouragonj": "গৌউরাগঞ্জ",
    "Shimulia": "শিমুলিয়া",
    "Rajphulbaria": "রাজফুলবাড়িয়া",
    "EPZ": "ইপিজেড",
    "Kamalpur": "কমলপুর",
    "Sarulia": "সারুলিয়া",
    "Matuail": "মাতুয়াইল",
    "Madanganj": "মদনগঞ্জ",
    "Kumarbhog": "কুমারভোগ",
    "Chandna": "চান্দনা",
    "Pubail": "পুবাইল",
    "Rajendrapur": "রাজেন্দ্রপুর",
    "Gorpara": "গোরপাড়া",
    "Aricha": "আরিচা",
    "Nagarbari": "নগরবাড়ী",
    "Dhobari": "ধোবাড়ী",
    "Narundi": "নারুন্দি",
    "Ahmadbad": "আহমদাবাদ",
    "Tarakanda": "তারাকান্দা",
    "Ramgopalpur": "গোপালপুর",
    "Atharabari": "আঠারবাড়ী",
    "Bhairab": "ভৈরব",
    "Abdullahpur": "আবদুল্লাহপুর",
    "Pagla": "পাগলা",
    "Jalalabad": "জালালআবাদ",
    "Kadamtali": "কদমতলী",
    "Churkai": "চুরকাই",
    "Juri": "জুড়ী",
    "Lakhai": "লাখাই",
    "Talshahar": "তালশহর",
    "Ashuganj": "আশুগঞ্জ",
    "Poun": "পউন",
    "Laubfatehpur": "লাউবফতেহপুর",
    "Rasullabad": "রসুলাবাদ",
    "Shamgram": "শামগ্রাম",
    "Ratanpur": "রতনপুর",
    "Shahapur": "শাহাপুর",
    "Kaitala": "কাইতলা",
    "Salimganj": "সালিমগঞ্জ",
    "Jibanganj": "জীবনগঞ্জ",
    "Sarial": "সারিয়াল",
    "Shahbajpur": "শাহবাজপুর",
    "Chandura": "চান্দুরা",
    "Fandauk": "ফান্দাউক",
    "Azampur": "আজমপুর",
    "Gangasagar": "গঙ্গাসাগর",
    "Kuti": "কুটি",
    "Chandidar": "চান্দিদার",
    "Chargachh": "চরগাছ",
    "Gopinathpur": "গোপীনাথপুর",
    "Halimanagar": "হালিমানগর",
    "Courtbari": "আদালতবাড়ী",
    "Suaganj": "সুয়াগঞ্জ",
    "Chandia": "চান্দিয়া",
    "Madhaiabazar": "মাধাইয়াবাজার",
    "Gouripur": "গৌরীপুর",
    "Dashpara": "দশপাড়া",
    "Eliotganj": "এলিয়টগঞ্জ",
    "Gangamandal": "গঙ্গামন্ডল",
    "Barashalghar": "বারশালঘর",
    "Dhamtee": "ধামটি",
    "Ramchandarpur": "রামচন্দরপুর",
    "Companyganj": "কোম্পানীগঞ্জ",
    "Sonakanda": "সোনাকান্দা",
    "Pantibazar": "পান্টিবাজার",
    "Batisa": "বাটিসা",
    "Chiora": "চিওড়া",
    "Poyalgachha": "পয়ালগাছা",
    "Murdafarganj": "মুর্দাফরগঞ্জ",
    "Lakshamanpur": "লক্ষ্মণপুর",
    "Bipulasar": "বিপুলাসার",
    "Dhalua": "ঢালুয়া",
    "Chhariabazar": "ছড়িয়াবাজার",
    "Gunabati": "গুনবতী",
    "Puranbazar": "পুরানবাজার",
    "Baburhat": "বাবুরহাট",
    "Sahatali": "সাহাটালী",
    "Bolakhal": "বোলাখাল",
    "Khilabazar": "খিলাবাজার",
    "Chotoshi": "ছোটশি",
    "Shachar": "শাচর",
    "Mohanpur": "মোহনপুর",
    "Kalipur": "কালীপুর",
    "Chandra": "চন্দ্রা",
    "Rupsha": "রূপসা",
    "Gridkaliandia": "গ্রিডকালিন্দিয়া",
    "Rampurbazar": "রামপুরবাজার",
    "Gandamara": "গান্দামারা",
    "Bhabaniganj": "ভবানীগঞ্জ",
    "Choupalli": "চৌপল্লী",
    "Rakhallia": "রাখাল্লিয়া",
    "Nagerdighirpar": "নগরদীঘিরপাড়",
    "Alipur": "আলীপুর",
    "Naagmud": "নাগমুদ",
    "Dolta": "দোলতা",
    "Sonapur": "সোনাপুর",
    "Kabirhat": "কবিরহাট",
    "Choumohani": "চৌমুহনী",
    "Bazra": "বজরা",
    "Sonaimuri": "সোনাইমুড়ি",
    "Alaiarpur": "আলাইয়ারপুর",
    "Tangirpar": "টাঙ্গিরপাড়",
    "Nadona": "নাদোনা",
    "Dauti": "দাউতি",
    "Joyag": "জয়াগ",
    "Kallyandi": "কাল্যান্ডী",
    "Beezbag": "বিজবাগ",
    "Palla": "পাল্লা",
    "Bodalcourt": "বোদালকোর্ট",
    "Solla": "সোল্লা",
    "Dosh Gharia": "দশঘরিয়া",
    "Sahapur": "সাহাপুর",
    "Afazia": "আফাজিয়া",
    "Tamoraddi": "তামোরদ্দি",
    "Fazilpur": "ফাজিলপুর",
    "Laskarhat": "লস্করহাট",
    "Puabashimulia": "পুয়াবাশিমুলিয়া",
    "Dudmukha": "দুধমুখা",
    "Chhilonia": "ছিলোনিয়া",
    "Ahmadpur": "আহমদপুর",
    "Fulgazi": "ফুলগাজী",
    "Pahartoli": "পাহাড়তলী",
    "Patenga": "পাতেঙ্গা",
    "Firozshah": "ফিরোজশাহ",
    "Mohard": "মোহরদ",
    "Wazedia": "ওয়াজেদিয়া",
    "Anandabazar": "আনন্দবাজার",
    "Halishahar": "হালিশহর",
    "Halishshar": "হালিশহর",
    "Baroidhala": "বারইধালা",
    "Barabkunda": "বড়বকুন্ডা",
    "Kumira": "কুমিরা",
    "Fouzdarhat": "ফৌজদারহাট",
    "Joarganj": "জোয়ারগঞ্জ",
    "Chitt.University": "চট্টগ্রামবিশ্ববিদ্যালয়",
    "Gorduara": "গর্দুয়ারা",
    "Katirhat": "কাটিরহাট",
    "Madrasa": "মাদ্রাসা",
    "Beenajuri": "বীনাজুরী",
    "Kundeshwari": "কুন্দেশ্বরী",
    "Gahira": "গাহিরা",
    "Fatepur": "ফতেহপুর",
    "Mohamuni": "মহামুনি",
    "Nanupur": "নানুপুর",
    "Harualchhari": "হারুয়ালছড়ি",
    "Dhamair": "ধামাইর",
    "Kanungopara": "কানুঙ্গোপাড়া",
    "Saroatoli": "সারোয়াতলী",
    "Sakpura": "শাকপুরা",
    "Kadurkhal": "কাদুরখাল",
    "Anowara": "আনোয়ারা",
    "Paroikora": "পারইকোড়া",
    "Battali": "বাট্টালী",
    "Dohazari": "দোহাজারী",
    "Barma": "বর্মা",
    "Bazalia": "বাজালিয়া",
    "Banigram": "বনীগ্রাম",
    "Padua": "পাডুয়া",
    "Chunti": "চুনতি",
    "Betbunia": "বেতবুনিয়া",
    "Nanichhar": "নানিয়ারচর",
    "Chandraghona": "চন্দ্রঘোনা",
    "Lama": "লামা",
    "Zhilanja": "ঝিলঞ্জা",
    "Eidga": "ঈদগাহ",
    "Badarkali": "বদরকালী",
    "Hnila": "হ্নীলা",
    "Pakarhat": "পাকড়হাট",
    "saghata": "সাঘাটা",
    "Chandaikona": "চান্দাইকোনা",
    "Santahar": "সান্তাহার",
    "Akklepur": "আক্কেলপুর",
    "jamalganj": "জামালগঞ্জ",
    "Arani": "আরানী",
    "Amnura": "আমনুরা",
    "Madhnagar": "মাধনগর",
    "Gopalpur U.P.O": "ইউপিও",
    "Abdulpur": "আবদুলপুর",
    "Baraigram": "বড়াইগ্রাম",
    "Manda": "মান্দা",
    "Raipur": "রায়পুর",
    "Khoksa": "খোকসা",
    "Allardarga": "আল্লারদারগা",
    "Amjhupi": "আমঝুপি",
    "Andulbaria": "আন্দুলবাড়িয়া",
    "Binodpur": "বিনোদপুর",
    "Goalanda": "গোয়ালন্দ",
    "Ambikapur": "অম্বিকাপুর",
    "Kalkini": "কালকিনি",
    "Angaria": "আঙ্গারিয়া",
    "Chikandi": "চিকান্দি",
    "Gazaria": "গজারিয়া",
    "Amua": "আমুয়া",
    "Senhati": "সেনহাটী",
    "Amadee": "আমাদী",
    "kalaroa": "কলারোয়া"
}