postal_code,post_office,upazila,district,division
1360,Demra,Demra,Dhaka,Dhaka
1362,Matuail,Demra,Dhaka,Dhaka
1361,Sarulia,Demra,Dhaka,Dhaka
1206,Dhaka Cantonment TSO,Dhaka Cantt.,Dhaka,Dhaka
1350,Dhamrai,Dhamrai,Dhaka,Dhaka
1351,Kamalpur,Dhamrai,Dhaka,Dhaka
1209,Jigatala TSO,Dhanmondi,Dhaka,Dhaka
1213,Banani TSO,Gulshan,Dhaka,Dhaka
1212,Gulshan Model Town,Gulshan,Dhaka,Dhaka
1232,Dhania TSO,Jatrabari,Dhaka,Dhaka
1330,Joypara,Joypara,Dhaka,Dhaka
1332,Narisha,Joypara,Dhaka,Dhaka
1331,Palamganj,Joypara,Dhaka,Dhaka
1312,Ati,Keraniganj,Dhaka,Dhaka
1311,Dhaka Jute Mills,Keraniganj,Dhaka,Dhaka
1313,Kalatia,Keraniganj,Dhaka,Dhaka
1310,Keraniganj,Keraniganj,Dhaka,Dhaka
1219,Khilgaon TSO,Khilgaon,Dhaka,Dhaka
1229,Khilkhet TSO,Khilkhet,Dhaka,Dhaka
1211,Posta TSO,Lalbag,Dhaka,Dhaka
1216,Mirpur TSO,Mirpur,Dhaka,Dhaka
1207,Mohammadpur Housing,Mohammadpur,Dhaka,Dhaka
1225,Sangsad Bhaban TSO,Mohammadpur,Dhaka,Dhaka
1222,Bangabhaban TSO,Motijheel,Dhaka,Dhaka
1223,Dilkusha TSO,Motijheel,Dhaka,Dhaka
1323,Agla,Nawabganj,Dhaka,Dhaka
1325,Churain,Nawabganj,Dhaka,Dhaka
1322,Daudpur,Nawabganj,Dhaka,Dhaka
1321,Hasnabad,Nawabganj,Dhaka,Dhaka
1324,Khalpar,Nawabganj,Dhaka,Dhaka
1320,Nawabganj,Nawabganj,Dhaka,Dhaka
1205,New Market TSO,New market,Dhaka,Dhaka
1000,Dhaka GPO,Palton,Dhaka,Dhaka
1217,Shantinagr TSO,Ramna,Dhaka,Dhaka
1214,Basabo TSO,Sabujbag,Dhaka,Dhaka
1348,Amin Bazar,Savar,Dhaka,Dhaka
1341,Dairy Farm,Savar,Dhaka,Dhaka
1349,EPZ,Savar,Dhaka,Dhaka
1342,Jahangirnagar University,Savar,Dhaka,Dhaka
1346,Kashem Cotton Mills,Savar,Dhaka,Dhaka
1347,Rajphulbaria,Savar,Dhaka,Dhaka
1340,Savar,Savar,Dhaka,Dhaka
1344,Savar Canttonment,Savar,Dhaka,Dhaka
1343,Saver P.A.T.C,Savar,Dhaka,Dhaka
1345,Shimulia,Savar,Dhaka,Dhaka
1100,Dhaka Sadar HO,Sutrapur,Dhaka,Dhaka
1204,Gendaria TSO,Sutrapur,Dhaka,Dhaka
1203,Wari TSO,Sutrapur,Dhaka,Dhaka
1215,Tejgaon TSO,Tejgaon,Dhaka,Dhaka
1208,Dhaka Politechnic,Tejgaon Industrial Area,Dhaka,Dhaka
1230,Uttara Model Twon TSO,Uttara,Dhaka,Dhaka
7870,Alfadanga,Alfadanga,Faridpur,Dhaka
7830,Bhanga,Bhanga,Faridpur,Dhaka
7860,Boalmari,Boalmari,Faridpur,Dhaka
7861,Rupatpat,Boalmari,Faridpur,Dhaka
7810,Charbadrashan,Charbhadrasan,Faridpur,Dhaka
7802,Ambikapur,Faridpur Sadar,Faridpur,Dhaka
7803,Baitulaman Politecni,Faridpur Sadar,Faridpur,Dhaka
7800,Faridpursadar,Faridpur Sadar,Faridpur,Dhaka
7801,Kanaipur,Faridpur Sadar,Faridpur,Dhaka
7851,Kamarkali,Madukhali,Faridpur,Dhaka
7850,Madukhali,Madukhali,Faridpur,Dhaka
7840,Nagarkanda,Nagarkanda,Faridpur,Dhaka
7841,Talma,Nagarkanda,Faridpur,Dhaka
7822,Bishwa jaker Manjil,Sadarpur,Faridpur,Dhaka
7821,Hat Krishapur,Sadarpur,Faridpur,Dhaka
7820,Sadarpur,Sadarpur,Faridpur,Dhaka
7804,Shriangan,Shriangan,Faridpur,Dhaka
1703,B.O.F,Gazipur Sadar,Gazipur,Dhaka
1701,B.R.R,Gazipur Sadar,Gazipur,Dhaka
1702,Chandna,Gazipur Sadar,Gazipur,Dhaka
1700,Gazipur Sadar,Gazipur Sadar,Gazipur,Dhaka
1704,National University,Gazipur Sadar,Gazipur,Dhaka
1750,Kaliakaar,Kaliakaar,Gazipur,Dhaka
1751,Safipur,Kaliakaar,Gazipur,Dhaka
1720,Kaliganj,Kaliganj,Gazipur,Dhaka
1721,Pubail,Kaliganj,Gazipur,Dhaka
1722,Santanpara,Kaliganj,Gazipur,Dhaka
1723,Vaoal Jamalpur,Kaliganj,Gazipur,Dhaka
1730,kapashia,Kapashia,Gazipur,Dhaka
1712,Ershad Nagar,Monnunagar,Gazipur,Dhaka
1710,Monnunagar,Monnunagar,Gazipur,Dhaka
1711,Nishat Nagar,Monnunagar,Gazipur,Dhaka
1743,Barmi,Sreepur,Gazipur,Dhaka
1747,Bashamur,Sreepur,Gazipur,Dhaka
1748,Boubi,Sreepur,Gazipur,Dhaka
1745,Kawraid,Sreepur,Gazipur,Dhaka
1744,Satkhamair,Sreepur,Gazipur,Dhaka
1740,Sreepur,Sreepur,Gazipur,Dhaka
1741,Rajendrapur,Sreepur,Gazipur,Dhaka
1742,Rajendrapur Canttome,Sreepur,Gazipur,Dhaka
8102,Barfa,Gopalganj Sadar,Gopalganj,Dhaka
8013,Chandradighalia,Gopalganj Sadar,Gopalganj,Dhaka
8100,Gopalganj Sadar,Gopalganj Sadar,Gopalganj,Dhaka
8101,Ulpur,Gopalganj Sadar,Gopalganj,Dhaka
8133,Jonapur,Kashiani,Gopalganj,Dhaka
8130,Kashiani,Kashiani,Gopalganj,Dhaka
8131,Ramdia College,Kashiani,Gopalganj,Dhaka
8132,Ratoil,Kashiani,Gopalganj,Dhaka
8110,Kotalipara,Kotalipara,Gopalganj,Dhaka
8141,Batkiamari,Maksudpur,Gopalganj,Dhaka
8142,Khandarpara,Maksudpur,Gopalganj,Dhaka
8140,Maksudpur,Maksudpur,Gopalganj,Dhaka
8121,Patgati,Tungipara,Gopalganj,Dhaka
8120,Tungipara,Tungipara,Gopalganj,Dhaka
2336,Bajitpur,Bajitpur,Kishoreganj,Dhaka
2338,Laksmipur,Bajitpur,Kishoreganj,Dhaka
2337,Sararchar,Bajitpur,Kishoreganj,Dhaka
2350,Bhairab,Bhairob,Kishoreganj,Dhaka
2320,Hossenpur,Hossenpur,Kishoreganj,Dhaka
2390,Itna,Itna,Kishoreganj,Dhaka
2310,Karimganj,Karimganj,Kishoreganj,Dhaka
2331,Gochhihata,Katiadi,Kishoreganj,Dhaka
2330,Katiadi,Katiadi,Kishoreganj,Dhaka
2301,Kishoreganj S.Mills,Kishoreganj Sadar,Kishoreganj,Dhaka
2300,Kishoreganj Sadar,Kishoreganj Sadar,Kishoreganj,Dhaka
2302,Maizhati,Kishoreganj Sadar,Kishoreganj,Dhaka
2303,Nilganj,Kishoreganj Sadar,Kishoreganj,Dhaka
2341,Chhoysuti,Kuliarchar,Kishoreganj,Dhaka
2340,Kuliarchar,Kuliarchar,Kishoreganj,Dhaka
2371,Abdullahpur,Mithamoin,Kishoreganj,Dhaka
2370,MIthamoin,Mithamoin,Kishoreganj,Dhaka
2360,Nikli,Nikli,Kishoreganj,Dhaka
2380,Ostagram,Ostagram,Kishoreganj,Dhaka
2326,Pakundia,Pakundia,Kishoreganj,Dhaka
2316,Tarial,Tarial,Kishoreganj,Dhaka
7932,Bahadurpur,Barhamganj,Madaripur,Dhaka
7930,Barhamganj,Barhamganj,Madaripur,Dhaka
7931,Nilaksmibandar,Barhamganj,Madaripur,Dhaka
7933,Umedpur,Barhamganj,Madaripur,Dhaka
7920,Kalkini,kalkini,Madaripur,Dhaka
7921,Sahabrampur,kalkini,Madaripur,Dhaka
7901,Charmugria,Madaripur Sadar,Madaripur,Dhaka
7903,Habiganj,Madaripur Sadar,Madaripur,Dhaka
7902,Kulpaddi,Madaripur Sadar,Madaripur,Dhaka
7900,Madaripur Sadar,Madaripur Sadar,Madaripur,Dhaka
7904,Mustafapur,Madaripur Sadar,Madaripur,Dhaka
7911,Khalia,Rajoir,Madaripur,Dhaka
7910,Rajoir,Rajoir,Madaripur,Dhaka
1860,Doulatpur,Doulatpur,Manikganj,Dhaka
1840,Gheor,Gheor,Manikganj,Dhaka
1831,Jhitka,Lechhraganj,Manikganj,Dhaka
1830,Lechhraganj,Lechhraganj,Manikganj,Dhaka
1804,Barangail,Manikganj Sadar,Manikganj,Dhaka
1802,Gorpara,Manikganj Sadar,Manikganj,Dhaka
1803,Mahadebpur,Manikganj Sadar,Manikganj,Dhaka
1801,Manikganj Bazar,Manikganj Sadar,Manikganj,Dhaka
1800,Manikganj Sadar,Manikganj Sadar,Manikganj,Dhaka
1811,Baliati,Saturia,Manikganj,Dhaka
1810,Saturia,Saturia,Manikganj,Dhaka
1851,Aricha,Shibloya,Manikganj,Dhaka
1850,Shibaloy,Shibloya,Manikganj,Dhaka
1852,Tewta,Shibloya,Manikganj,Dhaka
1853,Uthli,Shibloya,Manikganj,Dhaka
1821,Baira,Singari,Manikganj,Dhaka
1822,joymantop,Singari,Manikganj,Dhaka
1820,Singair,Singari,Manikganj,Dhaka
1510,Gajaria,Gajaria,Munshiganj,Dhaka
1511,Hossendi,Gajaria,Munshiganj,Dhaka
1512,Rasulpur,Gajaria,Munshiganj,Dhaka
1334,Gouragonj,Lohajong,Munshiganj,Dhaka
1534,Gouragonj,Lohajong,Munshiganj,Dhaka
1532,Haldia SO,Lohajong,Munshiganj,Dhaka
1333,Haridia,Lohajong,Munshiganj,Dhaka
1533,Haridia DESO,Lohajong,Munshiganj,Dhaka
1531,Korhati,Lohajong,Munshiganj,Dhaka
1530,Lohajang,Lohajong,Munshiganj,Dhaka
1335,Madini Mandal,Lohajong,Munshiganj,Dhaka
1535,Medini Mandal EDSO,Lohajong,Munshiganj,Dhaka
1503,Kathakhali,Munshiganj Sadar,Munshiganj,Dhaka
1502,Mirkadim,Munshiganj Sadar,Munshiganj,Dhaka
1500,Munshiganj Sadar,Munshiganj Sadar,Munshiganj,Dhaka
1501,Rikabibazar,Munshiganj Sadar,Munshiganj,Dhaka
1542,Ichapur,Sirajdikhan,Munshiganj,Dhaka
1541,Kola,Sirajdikhan,Munshiganj,Dhaka
1543,Malkha Nagar,Sirajdikhan,Munshiganj,Dhaka
1544,Shekher Nagar,Sirajdikhan,Munshiganj,Dhaka
1540,Sirajdikhan,Sirajdikhan,Munshiganj,Dhaka
1557,Baghra,Srinagar,Munshiganj,Dhaka
1551,Barikhal,Srinagar,Munshiganj,Dhaka
1558,Bhaggyakul,Srinagar,Munshiganj,Dhaka
1553,Hashara,Srinagar,Munshiganj,Dhaka
1554,Kolapara,Srinagar,Munshiganj,Dhaka
1555,Kumarbhog,Srinagar,Munshiganj,Dhaka
1552,Mazpara,Srinagar,Munshiganj,Dhaka
1550,Srinagar,Srinagar,Munshiganj,Dhaka
1556,Vaggyakul SO,Srinagar,Munshiganj,Dhaka
1523,Bajrajugini,Tangibari,Munshiganj,Dhaka
1522,Baligao,Tangibari,Munshiganj,Dhaka
1521,Betkahat,Tangibari,Munshiganj,Dhaka
1525,Dighirpar,Tangibari,Munshiganj,Dhaka
1524,Hasail,Tangibari,Munshiganj,Dhaka
1527,Pura,Tangibari,Munshiganj,Dhaka
1526,Pura EDSO,Tangibari,Munshiganj,Dhaka
1520,Tangibari,Tangibari,Munshiganj,Dhaka
1450,Araihazar,Araihazar,Narayanganj,Dhaka
1451,Gopaldi,Araihazar,Narayanganj,Dhaka
1440,Baidder Bazar,Baidder Bazar,Narayanganj,Dhaka
1441,Bara Nagar,Baidder Bazar,Narayanganj,Dhaka
1442,Barodi,Baidder Bazar,Narayanganj,Dhaka
1410,Bandar,Bandar,Narayanganj,Dhaka
1413,BIDS,Bandar,Narayanganj,Dhaka
1411,D.C Mills,Bandar,Narayanganj,Dhaka
1414,Madanganj,Bandar,Narayanganj,Dhaka
1412,Nabiganj,Bandar,Narayanganj,Dhaka
1421,Fatulla Bazar,Fatullah,Narayanganj,Dhaka
1420,Fatullah,Fatullah,Narayanganj,Dhaka
1400,Narayanganj Sadar,Narayanganj Sadar,Narayanganj,Dhaka
1462,Bhulta,Rupganj,Narayanganj,Dhaka
1461,Kanchan,Rupganj,Narayanganj,Dhaka
1464,Murapara,Rupganj,Narayanganj,Dhaka
1463,Nagri,Rupganj,Narayanganj,Dhaka
1460,Rupganj,Rupganj,Narayanganj,Dhaka
1431,Adamjeenagar,Siddirganj,Narayanganj,Dhaka
1432,LN Mills,Siddirganj,Narayanganj,Dhaka
1430,Siddirganj,Siddirganj,Narayanganj,Dhaka
1640,Belabo,Belabo,Narsingdi,Dhaka
1651,Hatirdia,Monohordi,Narsingdi,Dhaka
1652,Katabaria,Monohordi,Narsingdi,Dhaka
1650,Monohordi,Monohordi,Narsingdi,Dhaka
1605,Karimpur,Narshingdi Sadar,Narsingdi,Dhaka
1604,Madhabdi,Narshingdi Sadar,Narsingdi,Dhaka
1602,Narshingdi College,Narshingdi Sadar,Narsingdi,Dhaka
1600,Narshingdi Sadar,Narshingdi Sadar,Narsingdi,Dhaka
1603,Panchdona,Narshingdi Sadar,Narsingdi,Dhaka
1601,UMC Jute Mills,Narshingdi Sadar,Narsingdi,Dhaka
1612,Char Sindhur,Palash,Narsingdi,Dhaka
1613,Ghorashal,Palash,Narsingdi,Dhaka
1611,Ghorashal Urea Facto,Palash,Narsingdi,Dhaka
1610,Palash,Palash,Narsingdi,Dhaka
1631,Bazar Hasnabad,Raypura,Narsingdi,Dhaka
1632,Radhaganj bazar,Raypura,Narsingdi,Dhaka
1630,Raypura,Raypura,Narsingdi,Dhaka
1620,Shibpur,Shibpur,Narsingdi,Dhaka
7730,Baliakandi,Baliakandi,Rajbari,Dhaka
7731,Nalia,Baliakandi,Rajbari,Dhaka
7723,Mrigibazar,Pangsha,Rajbari,Dhaka
7720,Pangsha,Pangsha,Rajbari,Dhaka
7721,Ramkol,Pangsha,Rajbari,Dhaka
7722,Ratandia,Pangsha,Rajbari,Dhaka
7710,Goalanda,Rajbari Sadar,Rajbari,Dhaka
7711,Khankhanapur,Rajbari Sadar,Rajbari,Dhaka
7700,Rajbari Sadar,Rajbari Sadar,Rajbari,Dhaka
8030,Bhedorganj,Bhedorganj,Shariatpur,Dhaka
8040,Damudhya,Damudhya,Shariatpur,Dhaka
8050,Gosairhat,Gosairhat,Shariatpur,Dhaka
8010,Jajira,Jajira,Shariatpur,Dhaka
8021,Bhozeshwar,Naria,Shariatpur,Dhaka
8022,Gharisar,Naria,Shariatpur,Dhaka
8024,Kartikpur,Naria,Shariatpur,Dhaka
8020,Naria,Naria,Shariatpur,Dhaka
8023,Upshi,Naria,Shariatpur,Dhaka
8001,Angaria,Shariatpur Sadar,Shariatpur,Dhaka
8002,Chikandi,Shariatpur Sadar,Shariatpur,Dhaka
8000,Shariatpur Sadar,Shariatpur Sadar,Shariatpur,Dhaka
1920,Basail,Basail,Tangail,Dhaka
1960,Bhuapur,Bhuapur,Tangail,Dhaka
1910,Delduar,Delduar,Tangail,Dhaka
1913,Elasin,Delduar,Tangail,Dhaka
1914,Hinga Nagar,Delduar,Tangail,Dhaka
1911,Jangalia,Delduar,Tangail,Dhaka
1915,Lowhati,Delduar,Tangail,Dhaka
1912,Patharail,Delduar,Tangail,Dhaka
1982,D. Pakutia,Ghatail,Tangail,Dhaka
1983,Dhalapara,Ghatail,Tangail,Dhaka
1980,Ghatial,Ghatail,Tangail,Dhaka
1984,Lohani,Ghatail,Tangail,Dhaka
1981,Zahidganj,Ghatail,Tangail,Dhaka
1990,Gopalpur,Gopalpur,Tangail,Dhaka
1992,Hemnagar,Gopalpur,Tangail,Dhaka
1991,Jhowail,Gopalpur,Tangail,Dhaka
1973,Ballabazar,Kalihati,Tangail,Dhaka
1974,Elinga,Kalihati,Tangail,Dhaka
1970,Kalihati,Kalihati,Tangail,Dhaka
1977,Nagarbari,Kalihati,Tangail,Dhaka
1976,Nagarbari SO,Kalihati,Tangail,Dhaka
1972,Nagbari,Kalihati,Tangail,Dhaka
1975,Palisha,Kalihati,Tangail,Dhaka
1971,Rajafair,Kalihati,Tangail,Dhaka
1930,Kashkawlia,Kashkaolia,Tangail,Dhaka
1997,Dhobari,Madhupur,Tangail,Dhaka
1996,Madhupur,Madhupur,Tangail,Dhaka
1941,Gorai,Mirzapur,Tangail,Dhaka
1944,Jarmuki,Mirzapur,Tangail,Dhaka
1942,M.C. College,Mirzapur,Tangail,Dhaka
1940,Mirzapur,Mirzapur,Tangail,Dhaka
1945,Mohera,Mirzapur,Tangail,Dhaka
1943,Warri paikpara,Mirzapur,Tangail,Dhaka
1937,Dhuburia,Nagarpur,Tangail,Dhaka
1936,Nagarpur,Nagarpur,Tangail,Dhaka
1938,Salimabad,Nagarpur,Tangail,Dhaka
1951,Kochua,Sakhipur,Tangail,Dhaka
1950,Sakhipur,Sakhipur,Tangail,Dhaka
1901,Kagmari,Tangail Sadar,Tangail,Dhaka
1903,Korotia,Tangail Sadar,Tangail,Dhaka
1904,Purabari,Tangail Sadar,Tangail,Dhaka
1902,Santosh,Tangail Sadar,Tangail,Dhaka
1900,Tangail Sadar,Tangail Sadar,Tangail,Dhaka
4650,Alikadam,Alikadam,Bandarban,Chattogram
4600,Bandarban Sadar,Bandarban Sadar,Bandarban,Chattogram
4660,Naikhong,Naikhong,Bandarban,Chattogram
4610,Roanchhari,Roanchhari,Bandarban,Chattogram
4620,Ruma,Ruma,Bandarban,Chattogram
4641,Lama,Thanchi,Bandarban,Chattogram
4630,Thanchi,Thanchi,Bandarban,Chattogram
3450,Akhaura,Akhaura,Brahmanbaria,Chattogram
3451,Azampur,Akhaura,Brahmanbaria,Chattogram
3452,Gangasagar,Akhaura,Brahmanbaria,Chattogram
3420,Banchharampur,Banchharampur,Brahmanbaria,Chattogram
3402,Ashuganj,Brahamanbaria Sadar,Brahmanbaria,Chattogram
3403,Ashuganj Share,Brahamanbaria Sadar,Brahmanbaria,Chattogram
3400,Brahamanbaria Sadar,Brahamanbaria Sadar,Brahmanbaria,Chattogram
3404,Poun,Brahamanbaria Sadar,Brahmanbaria,Chattogram
3401,Talshahar,Brahamanbaria Sadar,Brahmanbaria,Chattogram
3462,Chandidar,Kasba,Brahmanbaria,Chattogram
3463,Chargachh,Kasba,Brahmanbaria,Chattogram
3464,Gopinathpur,Kasba,Brahmanbaria,Chattogram
3460,Kasba,Kasba,Brahmanbaria,Chattogram
3461,Kuti,Kasba,Brahmanbaria,Chattogram
3419,Jibanganj,Nabinagar,Brahmanbaria,Chattogram
3417,Kaitala,Nabinagar,Brahmanbaria,Chattogram
3411,Laubfatehpur,Nabinagar,Brahmanbaria,Chattogram
3410,Nabinagar,Nabinagar,Brahmanbaria,Chattogram
3412,Rasullabad,Nabinagar,Brahmanbaria,Chattogram
3414,Ratanpur,Nabinagar,Brahmanbaria,Chattogram
3418,Salimganj,Nabinagar,Brahmanbaria,Chattogram
3415,Shahapur,Nabinagar,Brahmanbaria,Chattogram
3413,Shamgram,Nabinagar,Brahmanbaria,Chattogram
3441,Fandauk,Nasirnagar,Brahmanbaria,Chattogram
3440,Nasirnagar,Nasirnagar,Brahmanbaria,Chattogram
3432,Chandura,Sarail,Brahmanbaria,Chattogram
3430,Sarial,Sarail,Brahmanbaria,Chattogram
3431,Shahbajpur,Sarail,Brahmanbaria,Chattogram
3602,Baburhat,Chandpur Sadar,Chandpur,Chattogram
3600,Chandpur Sadar,Chandpur Sadar,Chandpur,Chattogram
3601,Puranbazar,Chandpur Sadar,Chandpur,Chattogram
3603,Sahatali,Chandpur Sadar,Chandpur,Chattogram
3651,Chandra,Faridganj,Chandpur,Chattogram
3650,Faridganj,Faridganj,Chandpur,Chattogram
3653,Gridkaliandia,Faridganj,Chandpur,Chattogram
3655,Islampur Shah Isain,Faridganj,Chandpur,Chattogram
3654,Rampurbazar,Faridganj,Chandpur,Chattogram
3652,Rupsha,Faridganj,Chandpur,Chattogram
3611,Bolakhal,Hajiganj,Chandpur,Chattogram
3610,Hajiganj,Hajiganj,Chandpur,Chattogram
3661,Gandamara,Hayemchar,Chandpur,Chattogram
3660,Hayemchar,Hayemchar,Chandpur,Chattogram
3630,Kachua,Kachua,Chandpur,Chattogram
3631,Pak Shrirampur,Kachua,Chandpur,Chattogram
3632,Rahima Nagar,Kachua,Chandpur,Chattogram
3633,Shachar,Kachua,Chandpur,Chattogram
3642,Kalipur,Matlobganj,Chandpur,Chattogram
3640,Matlobganj,Matlobganj,Chandpur,Chattogram
3641,Mohanpur,Matlobganj,Chandpur,Chattogram
3623,Chotoshi,Shahrasti,Chandpur,Chattogram
3624,Islamia Madrasha,Shahrasti,Chandpur,Chattogram
3621,Khilabazar,Shahrasti,Chandpur,Chattogram
3622,Pashchim Kherihar Al,Shahrasti,Chandpur,Chattogram
3620,Shahrasti,Shahrasti,Chandpur,Chattogram
4376,Anowara,Anawara,Chattogram,Chattogram
4378,Battali,Anawara,Chattogram,Chattogram
4377,Paroikora,Anawara,Chattogram,Chattogram
4366,Boalkhali,Boalkhali,Chattogram,Chattogram
4369,Charandwip,Boalkhali,Chattogram,Chattogram
4365,Iqbal Park,Boalkhali,Chattogram,Chattogram
4368,Kadurkhal,Boalkhali,Chattogram,Chattogram
4363,Kanungopara,Boalkhali,Chattogram,Chattogram
4367,Sakpura,Boalkhali,Chattogram,Chattogram
4364,Saroatoli,Boalkhali,Chattogram,Chattogram
4221,Al- Amin Baria Madra,Chittagong Sadar,Chattogram,Chattogram
4211,Amin Jute Mills,Chittagong Sadar,Chattogram,Chattogram
4215,Anandabazar,Chittagong Sadar,Chattogram,Chattogram
4210,Bayezid Bostami,Chittagong Sadar,Chattogram,Chattogram
4212,Chandgaon,Chittagong Sadar,Chattogram,Chattogram
4203,Chawkbazar,Chittagong Sadar,Chattogram,Chattogram
4220,Chitt. Cantonment,Chittagong Sadar,Chattogram,Chattogram
4219,Chitt. Customs Acca,Chittagong Sadar,Chattogram,Chattogram
4209,Chitt. Politechnic In,Chittagong Sadar,Chattogram,Chattogram
4218,Chitt. Sailers Colon,Chittagong Sadar,Chattogram,Chattogram
4205,Chittagong Airport,Chittagong Sadar,Chattogram,Chattogram
4100,Chittagong Bandar,Chittagong Sadar,Chattogram,Chattogram
4000,Chittagong GPO,Chittagong Sadar,Chattogram,Chattogram
4223,Export Processing,Chittagong Sadar,Chattogram,Chattogram
4207,Firozshah,Chittagong Sadar,Chattogram,Chattogram
4216,Halishahar,Chittagong Sadar,Chattogram,Chattogram
4225,Halishshar,Chittagong Sadar,Chattogram,Chattogram
4214,Jalalabad,Chittagong Sadar,Chattogram,Chattogram
4206,Jaldia Merine Accade,Chittagong Sadar,Chattogram,Chattogram
4222,Middle Patenga,Chittagong Sadar,Chattogram,Chattogram
4208,Mohard,Chittagong Sadar,Chattogram,Chattogram
4226,North Halishahar,Chittagong Sadar,Chattogram,Chattogram
4217,North Katuli,Chittagong Sadar,Chattogram,Chattogram
4202,Pahartoli,Chittagong Sadar,Chattogram,Chattogram
4204,Patenga,Chittagong Sadar,Chattogram,Chattogram
4224,Rampura TSO,Chittagong Sadar,Chattogram,Chattogram
4213,Wazedia,Chittagong Sadar,Chattogram,Chattogram
4383,Barma,East Joara,Chattogram,Chattogram
4382,Dohazari,East Joara,Chattogram,Chattogram
4380,East Joara,East Joara,Chattogram,Chattogram
4381,Gachbaria,East Joara,Chattogram,Chattogram
4352,Bhandar Sharif,Fatikchhari,Chattogram,Chattogram
4350,Fatikchhari,Fatikchhari,Chattogram,Chattogram
4354,Harualchhari,Fatikchhari,Chattogram,Chattogram
4353,Najirhat,Fatikchhari,Chattogram,Chattogram
4351,Nanupur,Fatikchhari,Chattogram,Chattogram
4355,Narayanhat,Fatikchhari,Chattogram,Chattogram
4331,Chitt.University,Hathazari,Chattogram,Chattogram
4335,Fatahabad,Hathazari,Chattogram,Chattogram
4332,Gorduara,Hathazari,Chattogram,Chattogram
4330,Hathazari,Hathazari,Chattogram,Chattogram
4333,Katirhat,Hathazari,Chattogram,Chattogram
4339,Madrasa,Hathazari,Chattogram,Chattogram
4334,Mirzapur,Hathazari,Chattogram,Chattogram
4337,Nuralibari,Hathazari,Chattogram,Chattogram
4338,Yunus Nagar,Hathazari,Chattogram,Chattogram
4393,Banigram,Jaldi,Chattogram,Chattogram
4392,Gunagari,Jaldi,Chattogram,Chattogram
4390,Jaldi,Jaldi,Chattogram,Chattogram
4391,Khan Bahadur,Jaldi,Chattogram,Chattogram
4398,Chunti,Lohagara,Chattogram,Chattogram
4396,Lohagara,Lohagara,Chattogram,Chattogram
4397,Padua,Lohagara,Chattogram,Chattogram
4321,Abutorab,Mirsharai,Chattogram,Chattogram
4325,Azampur,Mirsharai,Chattogram,Chattogram
4323,Bharawazhat,Mirsharai,Chattogram,Chattogram
4322,Darrogahat,Mirsharai,Chattogram,Chattogram
4324,Joarganj,Mirsharai,Chattogram,Chattogram
4327,Korerhat,Mirsharai,Chattogram,Chattogram
4320,Mirsharai,Mirsharai,Chattogram,Chattogram
4328,Mohazanhat,Mirsharai,Chattogram,Chattogram
4371,Budhpara,Patia Head Office,Chattogram,Chattogram
4370,Patia Head Office,Patia Head Office,Chattogram,Chattogram
4361,Dhamair,Rangunia,Chattogram,Chattogram
4360,Rangunia,Rangunia,Chattogram,Chattogram
4349,B.I.T Post Office,Rouzan,Chattogram,Chattogram
4341,Beenajuri,Rouzan,Chattogram,Chattogram
4347,Dewanpur,Rouzan,Chattogram,Chattogram
4345,Fatepur,Rouzan,Chattogram,Chattogram
4343,Gahira,Rouzan,Chattogram,Chattogram
4346,Guzra Noapara,Rouzan,Chattogram,Chattogram
4344,jagannath Hat,Rouzan,Chattogram,Chattogram
4342,Kundeshwari,Rouzan,Chattogram,Chattogram
4348,Mohamuni,Rouzan,Chattogram,Chattogram
4340,Rouzan,Rouzan,Chattogram,Chattogram
4300,Sandwip,Sandwip,Chattogram,Chattogram
4301,Shiberhat,Sandwip,Chattogram,Chattogram
4302,Urirchar,Sandwip,Chattogram,Chattogram
4387,Baitul Ijjat,Satkania,Chattogram,Chattogram
4388,Bazalia,Satkania,Chattogram,Chattogram
4386,Satkania,Satkania,Chattogram,Chattogram
4312,Barabkunda,Sitakunda,Chattogram,Chattogram
4311,Baroidhala,Sitakunda,Chattogram,Chattogram
4313,Bawashbaria,Sitakunda,Chattogram,Chattogram
4315,Bhatiari,Sitakunda,Chattogram,Chattogram
4316,Fouzdarhat,Sitakunda,Chattogram,Chattogram
4317,Jafrabad,Sitakunda,Chattogram,Chattogram
4314,Kumira,Sitakunda,Chattogram,Chattogram
4310,Sitakunda,Sitakunda,Chattogram,Chattogram
3560,Barura,Barura,Cumilla,Chattogram
3562,Murdafarganj,Barura,Cumilla,Chattogram
3561,Poyalgachha,Barura,Cumilla,Chattogram
3526,Brahmanpara,Brahmanpara,Cumilla,Chattogram
3520,Burichang,Burichang,Cumilla,Chattogram
3521,Maynamoti bazar,Burichang,Cumilla,Chattogram
3510,Chandia,Chandina,Cumilla,Chattogram
3511,Madhaiabazar,Chandina,Cumilla,Chattogram
3551,Batisa,Chouddagram,Cumilla,Chattogram
3552,Chiora,Chouddagram,Cumilla,Chattogram
3550,Chouddagram,Chouddagram,Cumilla,Chattogram
3501,Comilla Contoment,Comilla Sadar,Cumilla,Chattogram
3500,Comilla Sadar,Comilla Sadar,Cumilla,Chattogram
3503,Courtbari,Comilla Sadar,Cumilla,Chattogram
3502,Halimanagar,Comilla Sadar,Cumilla,Chattogram
3504,Suaganj,Comilla Sadar,Cumilla,Chattogram
3518,Dashpara,Daudkandi,Cumilla,Chattogram
3516,Daudkandi,Daudkandi,Cumilla,Chattogram
3519,Eliotganj,Daudkandi,Cumilla,Chattogram
3517,Gouripur,Daudkandi,Cumilla,Chattogram
3532,Barashalghar,Davidhar,Cumilla,Chattogram
3530,Davidhar,Davidhar,Cumilla,Chattogram
3533,Dhamtee,Davidhar,Cumilla,Chattogram
3531,Gangamandal,Davidhar,Cumilla,Chattogram
3546,Homna,Homna,Cumilla,Chattogram
3572,Bipulasar,Laksam,Cumilla,Chattogram
3570,Laksam,Laksam,Cumilla,Chattogram
3571,Lakshamanpur,Laksam,Cumilla,Chattogram
3582,Chhariabazar,Langalkot,Cumilla,Chattogram
3581,Dhalua,Langalkot,Cumilla,Chattogram
3583,Gunabati,Langalkot,Cumilla,Chattogram
3580,Langalkot,Langalkot,Cumilla,Chattogram
3543,Bangra,Muradnagar,Cumilla,Chattogram
3542,Companyganj,Muradnagar,Cumilla,Chattogram
3540,Muradnagar,Muradnagar,Cumilla,Chattogram
3545,Pantibazar,Muradnagar,Cumilla,Chattogram
3541,Ramchandarpur,Muradnagar,Cumilla,Chattogram
3544,Sonakanda,Muradnagar,Cumilla,Chattogram
4742,Badarkali,Chiringga,Cox's Bazar,Chattogram
4740,Chiringga,Chiringga,Cox's Bazar,Chattogram
4741,Chiringga S.O,Chiringga,Cox's Bazar,Chattogram
4743,Malumghat,Chiringga,Cox's Bazar,Chattogram
4700,Coxs Bazar Sadar,Coxs Bazar Sadar,Cox's Bazar,Chattogram
4702,Eidga,Coxs Bazar Sadar,Cox's Bazar,Chattogram
4701,Zhilanja,Coxs Bazar Sadar,Cox's Bazar,Chattogram
4710,Gorakghat,Gorakghat,Cox's Bazar,Chattogram
4720,Kutubdia,Kutubdia,Cox's Bazar,Chattogram
4730,Ramu,Ramu,Cox's Bazar,Chattogram
4761,Hnila,Teknaf,Cox's Bazar,Chattogram
4762,St.Martin,Teknaf,Cox's Bazar,Chattogram
4760,Teknaf,Teknaf,Cox's Bazar,Chattogram
4750,Ukhia,Ukhia,Cox's Bazar,Chattogram
3910,Chhagalnaia,Chhagalnaia,Feni,Chattogram
3912,Daraga Hat,Chhagalnaia,Feni,Chattogram
3911,Maharajganj,Chhagalnaia,Feni,Chattogram
3913,Puabashimulia,Chhagalnaia,Feni,Chattogram
3922,Chhilonia,Dagonbhuia,Feni,Chattogram
3920,Dagondhuia,Dagonbhuia,Feni,Chattogram
3921,Dudmukha,Dagonbhuia,Feni,Chattogram
3923,Rajapur,Dagonbhuia,Feni,Chattogram
3901,Fazilpur,Feni Sadar,Feni,Chattogram
3900,Feni Sadar,Feni Sadar,Feni,Chattogram
3903,Laskarhat,Feni Sadar,Feni,Chattogram
3902,Sharshadie,Feni Sadar,Feni,Chattogram
3942,Fulgazi,Pashurampur,Feni,Chattogram
3943,Munshirhat,Pashurampur,Feni,Chattogram
3940,Pashurampur,Pashurampur,Feni,Chattogram
3941,Shuarbazar,Pashurampur,Feni,Chattogram
3932,Ahmadpur,Sonagazi,Feni,Chattogram
3933,Kazirhat,Sonagazi,Feni,Chattogram
3931,Motiganj,Sonagazi,Feni,Chattogram
3930,Sonagazi,Sonagazi,Feni,Chattogram
4420,Diginala,Diginala,Khagrachhari,Chattogram
4400,Khagrachari Sadar,Khagrachari Sadar,Khagrachhari,Chattogram
4470,Laxmichhari,Laxmichhari,Khagrachhari,Chattogram
4430,Mahalchhari,Mahalchhari,Khagrachhari,Chattogram
4460,Manikchhari,Manikchhari,Khagrachhari,Chattogram
4450,Matiranga,Matiranga,Khagrachhari,Chattogram
4410,Panchhari,Panchhari,Khagrachhari,Chattogram
4440,Ramghar Head Office,Ramghar Head Office,Khagrachhari,Chattogram
3730,Char Alexgander,Char Alexgander,Lakshmipur,Chattogram
3731,Hajirghat,Char Alexgander,Lakshmipur,Chattogram
3732,Ramgatirhat,Char Alexgander,Lakshmipur,Chattogram
3709,Amani Lakshimpur,Lakshimpur Sadar,Lakshmipur,Chattogram
3702,Bhabaniganj,Lakshimpur Sadar,Lakshmipur,Chattogram
3708,Chandraganj,Lakshimpur Sadar,Lakshmipur,Chattogram
3707,Choupalli,Lakshimpur Sadar,Lakshmipur,Chattogram
3701,Dalal Bazar,Lakshimpur Sadar,Lakshmipur,Chattogram
3706,Duttapara,Lakshimpur Sadar,Lakshmipur,Chattogram
3704,Keramatganj,Lakshimpur Sadar,Lakshmipur,Chattogram
3700,Lakshimpur Sadar,Lakshimpur Sadar,Lakshmipur,Chattogram
3703,Mandari,Lakshimpur Sadar,Lakshmipur,Chattogram
3705,Rupchara,Lakshimpur Sadar,Lakshmipur,Chattogram
3721,Alipur,Ramganj,Lakshmipur,Chattogram
3725,Dolta,Ramganj,Lakshmipur,Chattogram
3723,Kanchanpur,Ramganj,Lakshmipur,Chattogram
3724,Naagmud,Ramganj,Lakshmipur,Chattogram
3722,Panpara,Ramganj,Lakshmipur,Chattogram
3720,Ramganj,Ramganj,Lakshmipur,Chattogram
3714,Bhuabari,Raypur,Lakshmipur,Chattogram
3713,Haydarganj,Raypur,Lakshmipur,Chattogram
3712,Nagerdighirpar,Raypur,Lakshmipur,Chattogram
3711,Rakhallia,Raypur,Lakshmipur,Chattogram
3710,Raypur,Raypur,Lakshmipur,Chattogram
3850,Basur Hat,Basurhat,Noakhali,Chattogram
3851,Charhajari,Basurhat,Noakhali,Chattogram
3831,Alaiarpur,Begumganj,Noakhali,Chattogram
3847,Amisha Para,Begumganj,Noakhali,Chattogram
3822,Banglabazar,Begumganj,Noakhali,Chattogram
3824,Bazra,Begumganj,Noakhali,Chattogram
3820,Begumganj,Begumganj,Noakhali,Chattogram
3837,Bhabani Jibanpur,Begumganj,Noakhali,Chattogram
3821,Choumohani,Begumganj,Noakhali,Chattogram
3843,Dauti,Begumganj,Noakhali,Chattogram
3848,Durgapur,Begumganj,Noakhali,Chattogram
3828,Gopalpur,Begumganj,Noakhali,Chattogram
3825,Jamidar Hat,Begumganj,Noakhali,Chattogram
3844,Joyag,Begumganj,Noakhali,Chattogram
3829,Joynarayanpur,Begumganj,Noakhali,Chattogram
3833,Khalafat Bazar,Begumganj,Noakhali,Chattogram
3842,Khalishpur,Begumganj,Noakhali,Chattogram
3838,Maheshganj,Begumganj,Noakhali,Chattogram
3823,Mir Owarishpur,Begumganj,Noakhali,Chattogram
3839,Nadona,Begumganj,Noakhali,Chattogram
3841,Nandiapara,Begumganj,Noakhali,Chattogram
3835,Oachhekpur,Begumganj,Noakhali,Chattogram
3834,Rajganj,Begumganj,Noakhali,Chattogram
3827,Sonaimuri,Begumganj,Noakhali,Chattogram
3832,Tangirpar,Begumganj,Noakhali,Chattogram
3845,Thanar Hat,Begumganj,Noakhali,Chattogram
3879,Bansa Bazar,Chatkhil,Noakhali,Chattogram
3873,Bodalcourt,Chatkhil,Noakhali,Chattogram
3870,Chatkhil,Chatkhil,Noakhali,Chattogram
3878,Dosh Gharia,Chatkhil,Noakhali,Chattogram
3877,Karihati,Chatkhil,Noakhali,Chattogram
3872,Khilpara,Chatkhil,Noakhali,Chattogram
3871,Palla,Chatkhil,Noakhali,Chattogram
3874,Rezzakpur,Chatkhil,Noakhali,Chattogram
3881,Sahapur,Chatkhil,Noakhali,Chattogram
3882,Sampara,Chatkhil,Noakhali,Chattogram
3883,Shingbahura,Chatkhil,Noakhali,Chattogram
3875,Solla,Chatkhil,Noakhali,Chattogram
3891,Afazia,Hatiya,Noakhali,Chattogram
3890,Hatiya,Hatiya,Noakhali,Chattogram
3892,Tamoraddi,Hatiya,Noakhali,Chattogram
3811,Chaprashir Hat,Noakhali Sadar,Noakhali,Chattogram
3812,Char Jabbar,Noakhali Sadar,Noakhali,Chattogram
3809,Charam Tua,Noakhali Sadar,Noakhali,Chattogram
3803,Din Monir Hat,Noakhali Sadar,Noakhali,Chattogram
3807,Kabirhat,Noakhali Sadar,Noakhali,Chattogram
3808,Khalifar Hat,Noakhali Sadar,Noakhali,Chattogram
3806,Mriddarhat,Noakhali Sadar,Noakhali,Chattogram
3801,Noakhali College,Noakhali Sadar,Noakhali,Chattogram
3800,Noakhali Sadar,Noakhali Sadar,Noakhali,Chattogram
3804,Pak Kishoreganj,Noakhali Sadar,Noakhali,Chattogram
3802,Sonapur,Noakhali Sadar,Noakhali,Chattogram
3862,Beezbag,Senbag,Noakhali,Chattogram
3864,Chatarpaia,Senbag,Noakhali,Chattogram
3861,Kallyandi,Senbag,Noakhali,Chattogram
3863,Kankirhat,Senbag,Noakhali,Chattogram
3860,Senbag,Senbag,Noakhali,Chattogram
3865,T.P. Lamua,Senbag,Noakhali,Chattogram
4570,Barakal,Barakal,Rangamati,Chattogram
4550,Bilaichhari,Bilaichhari,Rangamati,Chattogram
4560,Jarachhari,Jarachhari,Rangamati,Chattogram
4511,Betbunia,Kalampati,Rangamati,Chattogram
4510,Kalampati,Kalampati,Rangamati,Chattogram
4531,Chandraghona,Kaptai,Rangamati,Chattogram
4530,Kaptai,Kaptai,Rangamati,Chattogram
4533,Kaptai Nuton Bazar,Kaptai,Rangamati,Chattogram
4532,Kaptai Project,Kaptai,Rangamati,Chattogram
4580,Longachh,Longachh,Rangamati,Chattogram
4590,Marishya,Marishya,Rangamati,Chattogram
4520,Nanichhar,Naniachhar,Rangamati,Chattogram
4540,Rajsthali,Rajsthali,Rangamati,Chattogram
4500,Rangamati Sadar,Rangamati Sadar,Rangamati,Chattogram
5890,Adamdighi,Alamdighi,Bogura,Rajshahi
5892,Nasharatpur,Alamdighi,Bogura,Rajshahi
5891,Santahar,Alamdighi,Bogura,Rajshahi
5801,Bogra Canttonment,Bogura Sadar,Bogura,Rajshahi
5800,Bogra Sadar,Bogura Sadar,Bogura,Rajshahi
5850,Dhunat,Dhunat,Bogura,Rajshahi
5851,Gosaibari,Dhunat,Bogura,Rajshahi
5880,Dupchachia,Dupchachia,Bogura,Rajshahi
5881,Talora,Dupchachia,Bogura,Rajshahi
5820,Gabtoli,Gabtoli,Bogura,Rajshahi
5821,Sukhanpukur,Gabtoli,Bogura,Rajshahi
5870,Kahalu,Kahalu,Bogura,Rajshahi
5860,Nandigram,Nandigram,Bogura,Rajshahi
5831,Chandan Baisha,Sariakandi,Bogura,Rajshahi
5830,Sariakandi,Sariakandi,Bogura,Rajshahi
5841,Chandaikona,Sherpur,Bogura,Rajshahi
5842,Palli Unnyan Accadem,Sherpur,Bogura,Rajshahi
5840,Sherpur,Sherpur,Bogura,Rajshahi
5810,Shibganj,Shibganj,Bogura,Rajshahi
5826,Sonatola,Sonatola,Bogura,Rajshahi
5940,Akklepur,Akkelpur,Joypurhat,Rajshahi
5941,jamalganj,Akkelpur,Joypurhat,Rajshahi
5942,Tilakpur,Akkelpur,Joypurhat,Rajshahi
5900,Joypurhat Sadar,Joypurhat Sadar,Joypurhat,Rajshahi
5930,kalai,Kalai,Joypurhat,Rajshahi
5920,Khetlal,Khetlal,Joypurhat,Rajshahi
5910,Panchbibi,Panchbibi,Joypurhat,Rajshahi
6596,Ahsanganj,Ahsanganj,Naogaon,Rajshahi
6597,Bandai,Ahsanganj,Naogaon,Rajshahi
6570,Badalgachhi,Badalgachhi,Naogaon,Rajshahi
6580,Dhamuirhat,Dhamuirhat,Naogaon,Rajshahi
6530,Mahadebpur,Mahadebpur,Naogaon,Rajshahi
6500,Naogaon Sadar,Naogaon Sadar,Naogaon,Rajshahi
6520,Niamatpur,Niamatpur,Naogaon,Rajshahi
6550,Nitpur,Nitpur,Naogaon,Rajshahi
6552,Panguria,Nitpur,Naogaon,Rajshahi
6551,Porsa,Nitpur,Naogaon,Rajshahi
6540,Patnitala,Patnitala,Naogaon,Rajshahi
6512,Balihar,Prasadpur,Naogaon,Rajshahi
6511,Manda,Prasadpur,Naogaon,Rajshahi
6510,Prasadpur,Prasadpur,Naogaon,Rajshahi
6591,Kashimpur,Raninagar,Naogaon,Rajshahi
6590,Raninagar,Raninagar,Naogaon,Rajshahi
6561,Moduhil,Sapahar,Naogaon,Rajshahi
6560,Sapahar,Sapahar,Naogaon,Rajshahi
6422,Abdulpur,Gopalpur UPO,Natore,Rajshahi
6420,Gopalpur U.P.O,Gopalpur UPO,Natore,Rajshahi
6421,Lalpur S.O,Gopalpur UPO,Natore,Rajshahi
6432,Baraigram,Harua,Natore,Rajshahi
6431,Dayarampur,Harua,Natore,Rajshahi
6430,Harua,Harua,Natore,Rajshahi
6440,Hatgurudaspur,Hatgurudaspur,Natore,Rajshahi
6410,Laxman,Laxman,Natore,Rajshahi
6402,Baiddyabal Gharia,Natore Sadar,Natore,Rajshahi
6401,Digapatia,Natore Sadar,Natore,Rajshahi
6403,Madhnagar,Natore Sadar,Natore,Rajshahi
6400,Natore Sadar,Natore Sadar,Natore,Rajshahi
6450,Singra,Singra,Natore,Rajshahi
6330,Bholahat,Bholahat,Chapai Nawabganj,Rajshahi
6303,Amnura,Chapinawabganj Sadar,Chapai Nawabganj,Rajshahi
6300,Chapinawbganj Sadar,Chapinawabganj Sadar,Chapai Nawabganj,Rajshahi
6301,Rajarampur,Chapinawabganj Sadar,Chapai Nawabganj,Rajshahi
6302,Ramchandrapur,Chapinawabganj Sadar,Chapai Nawabganj,Rajshahi
6311,Mandumala,Nachol,Chapai Nawabganj,Rajshahi
6310,Nachol,Nachol,Chapai Nawabganj,Rajshahi
6321,Gomashtapur,Rohanpur,Chapai Nawabganj,Rajshahi
6320,Rohanpur,Rohanpur,Chapai Nawabganj,Rajshahi
6341,Kansart,Shibganj U.P.O,Chapai Nawabganj,Rajshahi
6342,Manaksha,Shibganj U.P.O,Chapai Nawabganj,Rajshahi
6340,Shibganj U.P.O,Shibganj U.P.O,Chapai Nawabganj,Rajshahi
6650,Banwarinagar,Banwarinagar,Pabna,Rajshahi
6680,Bera,Bera,Pabna,Rajshahi
6682,Kashinathpur,Bera,Pabna,Rajshahi
6681,Nakalia,Bera,Pabna,Rajshahi
6683,Puran Bharenga,Bera,Pabna,Rajshahi
6640,Bhangura,Bhangura,Pabna,Rajshahi
6630,Chatmohar,Chatmohar,Pabna,Rajshahi
6610,Debottar,Debottar,Pabna,Rajshahi
6621,Dhapari,Ishwardi,Pabna,Rajshahi
6620,Ishwardi,Ishwardi,Pabna,Rajshahi
6622,Pakshi,Ishwardi,Pabna,Rajshahi
6623,Rajapur,Ishwardi,Pabna,Rajshahi
6602,Hamayetpur,Pabna Sadar,Pabna,Rajshahi
6601,Kaliko Cotton Mills,Pabna Sadar,Pabna,Rajshahi
6600,Pabna Sadar,Pabna Sadar,Pabna,Rajshahi
6670,Sathia,Sathia,Pabna,Rajshahi
6661,Sagarkandi,Sujanagar,Pabna,Rajshahi
6660,Sujanagar,Sujanagar,Pabna,Rajshahi
6281,Arani,Bagha,Rajshahi,Rajshahi
6280,Bagha,Bagha,Rajshahi,Rajshahi
6250,Bhabaniganj,Bhabaniganj,Rajshahi,Rajshahi
6251,Taharpur,Bhabaniganj,Rajshahi,Rajshahi
6270,Charghat,Charghat,Rajshahi,Rajshahi
6271,Sarda,Charghat,Rajshahi,Rajshahi
6240,Durgapur,Durgapur,Rajshahi,Rajshahi
6290,Godagari,Godagari,Rajshahi,Rajshahi
6291,Premtoli,Godagari,Rajshahi,Rajshahi
6220,Khodmohanpur,Khod Mohanpur,Rajshahi,Rajshahi
6210,Lalitganj,Lalitganj,Rajshahi,Rajshahi
6211,Rajshahi Sugar Mills,Lalitganj,Rajshahi,Rajshahi
6212,Shyampur,Lalitganj,Rajshahi,Rajshahi
6260,Putia,Putia,Rajshahi,Rajshahi
6206,Binodpur Bazar,Rajshahi Sadar,Rajshahi,Rajshahi
6100,Ghuramara,Rajshahi Sadar,Rajshahi,Rajshahi
6204,Kazla,Rajshahi Sadar,Rajshahi,Rajshahi
6202,Rajshahi Canttonment,Rajshahi Sadar,Rajshahi,Rajshahi
6201,Rajshahi Court,Rajshahi Sadar,Rajshahi,Rajshahi
6000,Rajshahi Sadar,Rajshahi Sadar,Rajshahi,Rajshahi
6205,Rajshahi University,Rajshahi Sadar,Rajshahi,Rajshahi
6203,Sapura,Rajshahi Sadar,Rajshahi,Rajshahi
6230,Tanor,Tanor,Rajshahi,Rajshahi
6730,Baiddya Jam Toil,Baiddya Jam Toil,Sirajganj,Rajshahi
6740,Belkuchi,Belkuchi,Sirajganj,Rajshahi
6751,Enayetpur,Belkuchi,Sirajganj,Rajshahi
6742,Rajapur,Belkuchi,Sirajganj,Rajshahi
6741,Sohagpur,Belkuchi,Sirajganj,Rajshahi
6752,Sthal,Belkuchi,Sirajganj,Rajshahi
6720,Dhangora,Dhangora,Sirajganj,Rajshahi
6721,Malonga,Dhangora,Sirajganj,Rajshahi
6712,Gandail,Kazipur,Sirajganj,Rajshahi
6710,Kazipur,Kazipur,Sirajganj,Rajshahi
6711,Shuvgachha,Kazipur,Sirajganj,Rajshahi
6772,Jamirta,Shahjadpur,Sirajganj,Rajshahi
6773,Kaijuri,Shahjadpur,Sirajganj,Rajshahi
6771,Porjana,Shahjadpur,Sirajganj,Rajshahi
6770,Shahjadpur,Shahjadpur,Sirajganj,Rajshahi
6701,Raipur,Sirajganj Sadar,Sirajganj,Rajshahi
6702,Rashidabad,Sirajganj Sadar,Sirajganj,Rajshahi
6700,Sirajganj Sadar,Sirajganj Sadar,Sirajganj,Rajshahi
6780,Tarash,Tarash,Sirajganj,Rajshahi
6762,Lahiri Mohanpur,Ullapara,Sirajganj,Rajshahi
6763,Salap,Ullapara,Sirajganj,Rajshahi
6760,Ullapara,Ullapara,Sirajganj,Rajshahi
6761,Ullapara R.S,Ullapara,Sirajganj,Rajshahi
9300,Bagerhat Sadar,Bagerhat Sadar,Bagerhat,Khulna
9301,P.C College,Bagerhat Sadar,Bagerhat,Khulna
9302,Rangdia,Bagerhat Sadar,Bagerhat,Khulna
9350,Chalna Ankorage,Chalna Ankorage,Bagerhat,Khulna
9351,Mongla Port,Chalna Ankorage,Bagerhat,Khulna
9361,Barabaria,Chitalmari,Bagerhat,Khulna
9360,Chitalmari,Chitalmari,Bagerhat,Khulna
9372,Bhanganpar Bazar,Fakirhat,Bagerhat,Khulna
9370,Fakirhat,Fakirhat,Bagerhat,Khulna
9371,Mansa,Fakirhat,Bagerhat,Khulna
9310,Kachua,Kachua UPO,Bagerhat,Khulna
9311,Sonarkola,Kachua UPO,Bagerhat,Khulna
9383,Charkulia,Mollahat,Bagerhat,Khulna
9382,Dariala,Mollahat,Bagerhat,Khulna
9381,Kahalpur,Mollahat,Bagerhat,Khulna
9380,Mollahat,Mollahat,Bagerhat,Khulna
9384,Nagarkandi,Mollahat,Bagerhat,Khulna
9385,Pak Gangni,Mollahat,Bagerhat,Khulna
9320,Morelganj,Morelganj,Bagerhat,Khulna
9321,Sannasi Bazar,Morelganj,Bagerhat,Khulna
9322,Telisatee,Morelganj,Bagerhat,Khulna
9341,Foylahat,Rampal,Bagerhat,Khulna
9343,Gourambha,Rampal,Bagerhat,Khulna
9340,Rampal,Rampal,Bagerhat,Khulna
9342,Sonatunia,Rampal,Bagerhat,Khulna
9330,Rayenda,Rayenda,Bagerhat,Khulna
7210,Alamdanga,Alamdanga,Chuadanga,Khulna
7211,Hardi,Alamdanga,Chuadanga,Khulna
7200,Chuadanga Sadar,Chuadanga Sadar,Chuadanga,Khulna
7201,Munshiganj,Chuadanga Sadar,Chuadanga,Khulna
7222,Andulbaria,Damurhuda,Chuadanga,Khulna
7220,Damurhuda,Damurhuda,Chuadanga,Khulna
7221,Darshana,Damurhuda,Chuadanga,Khulna
7230,Doulatganj,Doulatganj,Chuadanga,Khulna
7470,Bagharpara,Bagharpara,Jashore,Khulna
7471,Gouranagar,Bagharpara,Jashore,Khulna
7410,Chougachha,Chaugachha,Jashore,Khulna
7406,Basundia,Jashore Sadar,Jashore,Khulna
7402,Chanchra,Jashore Sadar,Jashore,Khulna
7407,Churamankathi,Jashore Sadar,Jashore,Khulna
7404,Jessore Airbach,Jashore Sadar,Jashore,Khulna
7403,Jessore canttonment,Jashore Sadar,Jashore,Khulna
7400,Jessore Sadar,Jashore Sadar,Jashore,Khulna
7401,Jessore Upa-Shahar,Jashore Sadar,Jashore,Khulna
7405,Rupdia,Jashore Sadar,Jashore,Khulna
7420,Jhikargachha,Jhikargachha,Jashore,Khulna
7450,Keshobpur,Keshabpur,Jashore,Khulna
7440,Monirampur,Monirampur,Jashore,Khulna
7462,Bhugilhat,Noapara,Jashore,Khulna
7460,Noapara,Noapara,Jashore,Khulna
7461,Rajghat,Noapara,Jashore,Khulna
7433,Bag Achra,Sarsa,Jashore,Khulna
7431,Benapole,Sarsa,Jashore,Khulna
7432,Jadabpur,Sarsa,Jashore,Khulna
7430,Sarsa,Sarsa,Jashore,Khulna
7310,Harinakundu,Harinakundu,Jhenaidah,Khulna
7301,Jinaidaha Cadet College,Jinaidaha Sadar,Jhenaidah,Khulna
7300,Jinaidaha Sadar,Jinaidaha Sadar,Jhenaidah,Khulna
7330,Kotchandpur,Kotchandpur,Jhenaidah,Khulna
7340,Maheshpur,Maheshpur,Jhenaidah,Khulna
7351,Hatbar Bazar,Naldanga,Jhenaidah,Khulna
7350,Naldanga,Naldanga,Jhenaidah,Khulna
7321,Kumiradaha,Shailakupa,Jhenaidah,Khulna
7320,Shailakupa,Shailakupa,Jhenaidah,Khulna
9240,Alaipur,Alaipur,Khulna,Khulna
9242,Belphulia,Alaipur,Khulna,Khulna
9241,Rupsha,Alaipur,Khulna,Khulna
9260,Batiaghat,Batiaghat,Khulna,Khulna
9261,Surkalee,Batiaghat,Khulna,Khulna
9272,Bajua,Chalna Bazar,Khulna,Khulna
9270,Chalna Bazar,Chalna Bazar,Khulna,Khulna
9271,Dakup,Chalna Bazar,Khulna,Khulna
9273,Nalian,Chalna Bazar,Khulna,Khulna
9221,Chandni Mahal,Digalia,Khulna,Khulna
9220,Digalia,Digalia,Khulna,Khulna
9224,Gazirhat,Digalia,Khulna,Khulna
9223,Ghoshghati,Digalia,Khulna,Khulna
9222,Senhati,Digalia,Khulna,Khulna
9207,Atra Shilpa Area,Khulna Sadar,Khulna,Khulna
9203,BIT Khulna,Khulna Sadar,Khulna,Khulna
9202,Doulatpur,Khulna Sadar,Khulna,Khulna
9205,Jahanabad Canttonmen,Khulna Sadar,Khulna,Khulna
9100,Khula Sadar,Khulna Sadar,Khulna,Khulna
9000,Khulna G.P.O,Khulna Sadar,Khulna,Khulna
9201,Khulna Shipyard,Khulna Sadar,Khulna,Khulna
9208,Khulna University,Khulna Sadar,Khulna,Khulna
9204,Siramani,Khulna Sadar,Khulna,Khulna
9206,Sonali Jute Mills,Khulna Sadar,Khulna,Khulna
9291,Amadee,Madinabad,Khulna,Khulna
9290,Madinabad,Madinabad,Khulna,Khulna
9284,Chandkhali,Paikgachha,Khulna,Khulna
9285,Garaikhali,Paikgachha,Khulna,Khulna
9281,Godaipur,Paikgachha,Khulna,Khulna
9282,Kapilmoni,Paikgachha,Khulna,Khulna
9283,Katipara,Paikgachha,Khulna,Khulna
9280,Paikgachha,Paikgachha,Khulna,Khulna
9210,Phultala,Phultala,Khulna,Khulna
9252,Chuknagar,Sajiara,Khulna,Khulna
9251,Ghonabanda,Sajiara,Khulna,Khulna
9250,Sajiara,Sajiara,Khulna,Khulna
9253,Shahapur,Sajiara,Khulna,Khulna
9231,Pak Barasat,Terakhada,Khulna,Khulna
9230,Terakhada,Terakhada,Khulna,Khulna
7042,Allardarga,Bheramara,Kushtia,Khulna
7040,Bheramara,Bheramara,Kushtia,Khulna
7041,Ganges Bheramara,Bheramara,Kushtia,Khulna
7020,Janipur,Janipur,Kushtia,Khulna
7021,Khoksa,Janipur,Kushtia,Khulna
7010,Kumarkhali,Kumarkhali,Kushtia,Khulna
7011,Panti,Kumarkhali,Kushtia,Khulna
7003,Islami University,Kustia Sadar,Kushtia,Khulna
7002,Jagati,Kustia Sadar,Kushtia,Khulna
7001,Kushtia Mohini,Kustia Sadar,Kushtia,Khulna
7000,Kustia Sadar,Kustia Sadar,Kushtia,Khulna
7032,Amla Sadarpur,Mirpur,Kushtia,Khulna
7030,Mirpur,Mirpur,Kushtia,Khulna
7031,Poradaha,Mirpur,Kushtia,Khulna
7052,Khasmathurapur,Rafayetpur,Kushtia,Khulna
7050,Rafayetpur,Rafayetpur,Kushtia,Khulna
7051,Taragunia,Rafayetpur,Kushtia,Khulna
7620,Arpara,Arpara,Magura,Khulna
7600,Magura Sadar,Magura Sadar,Magura,Khulna
7631,Binodpur,Mohammadpur,Magura,Khulna
7630,Mohammadpur,Mohammadpur,Magura,Khulna
7632,Nahata,Mohammadpur,Magura,Khulna
7611,Langalbadh,Shripur,Magura,Khulna
7612,Nachol,Shripur,Magura,Khulna
7610,Shripur,Shripur,Magura,Khulna
7110,Gangni,Gangni,Meherpur,Khulna
7101,Amjhupi,Meherpur Sadar,Meherpur,Khulna
7152,Amjhupi,Meherpur Sadar,Meherpur,Khulna
7100,Meherpur Sadar,Meherpur Sadar,Meherpur,Khulna
7102,Mujib Nagar Complex,Meherpur Sadar,Meherpur,Khulna
7520,Kalia,Kalia,Narail,Khulna
7514,Baradia,Laxmipasha,Narail,Khulna
7512,Itna,Laxmipasha,Narail,Khulna
7510,Laxmipasha,Laxmipasha,Narail,Khulna
7511,Lohagora,Laxmipasha,Narail,Khulna
7513,Naldi,Laxmipasha,Narail,Khulna
7521,Mohajan,Mohajan,Narail,Khulna
7500,Narail Sadar,Narail Sadar,Narail,Khulna
7501,Ratanganj,Narail Sadar,Narail,Khulna
9460,Ashashuni,Ashashuni,Satkhira,Khulna
9461,Baradal,Ashashuni,Satkhira,Khulna
9430,Debbhata,Debbhata,Satkhira,Khulna
9431,Gurugram,Debbhata,Satkhira,Khulna
9415,Chandanpur,Kalaroa,Satkhira,Khulna
9413,Hamidpur,Kalaroa,Satkhira,Khulna
9412,Jhaudanga,Kalaroa,Satkhira,Khulna
9410,kalaroa,Kalaroa,Satkhira,Khulna
9414,Khordo,Kalaroa,Satkhira,Khulna
9411,Murarikati,Kalaroa,Satkhira,Khulna
9440,Kaliganj UPO,Kaliganj UPO,Satkhira,Khulna
9441,Nalta Mubaroknagar,Kaliganj UPO,Satkhira,Khulna
9442,Ratanpur,Kaliganj UPO,Satkhira,Khulna
9453,Buri Goalini,Nakipur,Satkhira,Khulna
9454,Gabura,Nakipur,Satkhira,Khulna
9455,Habinagar,Nakipur,Satkhira,Khulna
9450,Nakipur,Nakipur,Satkhira,Khulna
9452,Naobeki,Nakipur,Satkhira,Khulna
9451,Noornagar,Nakipur,Satkhira,Khulna
9403,Budhhat,Satkhira Sadar,Satkhira,Khulna
9402,Gunakar kati,Satkhira Sadar,Satkhira,Khulna
9401,Satkhira Islamia Acc,Satkhira Sadar,Satkhira,Khulna
9400,Satkhira Sadar,Satkhira Sadar,Satkhira,Khulna
9421,Patkelghata,Taala,Satkhira,Khulna
9420,Taala,Taala,Satkhira,Khulna
8710,Amtali,Amtali,Barguna,Barishal
8730,Bamna,Bamna,Barguna,Barishal
8700,Barguna Sadar,Barguna Sadar,Barguna,Barishal
8701,Nali Bandar,Barguna Sadar,Barguna,Barishal
8740,Betagi,Betagi,Barguna,Barishal
8741,Darul Ulam,Betagi,Barguna,Barishal
8721,Kakchira,Patharghata,Barguna,Barishal
8720,Patharghata,Patharghata,Barguna,Barishal
8240,Agailzhara,Agailzhara,Barishal,Barishal
8241,Gaila,Agailzhara,Barishal,Barishal
8242,Paisarhat,Agailzhara,Barishal,Barishal
8210,Babuganj,Babuganj,Barishal,Barishal
8216,Barishal Cadet,Babuganj,Barishal,Barishal
8212,Chandpasha,Babuganj,Barishal,Barishal
8213,Madhabpasha,Babuganj,Barishal,Barishal
8215,Nizamuddin College,Babuganj,Barishal,Barishal
8211,Rahamatpur,Babuganj,Barishal,Barishal
8214,Thakur Mallik,Babuganj,Barishal,Barishal
8260,Barajalia,Barajalia,Barishal,Barishal
8261,Osman Manjil,Barajalia,Barishal,Barishal
8200,Barishal Sadar,Barishal Sadar,Barishal,Barishal
8201,Bukhainagar,Barishal Sadar,Barishal,Barishal
8206,Jaguarhat,Barishal Sadar,Barishal,Barishal
8205,Kashipur,Barishal Sadar,Barishal,Barishal
8204,Patang,Barishal Sadar,Barishal,Barishal
8202,Saheberhat,Barishal Sadar,Barishal,Barishal
8203,Sugandia,Barishal Sadar,Barishal,Barishal
8233,Batajor,Gouranadi,Barishal,Barishal
8230,Gouranadi,Gouranadi,Barishal,Barishal
8232,Kashemabad,Gouranadi,Barishal,Barishal
8231,Tarki Bandar,Gouranadi,Barishal,Barishal
8274,Langutia,Mahendiganj,Barishal,Barishal
8271,Laskarpur,Mahendiganj,Barishal,Barishal
8270,Mahendiganj,Mahendiganj,Barishal,Barishal
8273,Nalgora,Mahendiganj,Barishal,Barishal
8272,Ulania,Mahendiganj,Barishal,Barishal
8252,Charkalekhan,Muladi,Barishal,Barishal
8251,Kazirchar,Muladi,Barishal,Barishal
8250,Muladi,Muladi,Barishal,Barishal
8281,Charamandi,Sahebganj,Barishal,Barishal
8284,kalaskati,Sahebganj,Barishal,Barishal
8282,Padri Shibpur,Sahebganj,Barishal,Barishal
8280,Sahebganj,Sahebganj,Barishal,Barishal
8283,Shialguni,Sahebganj,Barishal,Barishal
8223,Dakuarhat,Uzirpur,Barishal,Barishal
8221,Dhamura,Uzirpur,Barishal,Barishal
8222,Jugirkanda,Uzirpur,Barishal,Barishal
8224,Shikarpur,Uzirpur,Barishal,Barishal
8220,Uzirpur,Uzirpur,Barishal,Barishal
8300,Bhola Sadar,Bhola Sadar,Bhola,Barishal
8301,Joynagar,Bhola Sadar,Bhola,Barishal
8320,Borhanuddin UPO,Borhanuddin UPO,Bhola,Barishal
8321,Mirzakalu,Borhanuddin UPO,Bhola,Barishal
8340,Charfashion,Charfashion,Bhola,Barishal
8341,Dularhat,Charfashion,Bhola,Barishal
8342,Keramatganj,Charfashion,Bhola,Barishal
8310,Doulatkhan,Doulatkhan,Bhola,Barishal
8311,Hajipur,Doulatkhan,Bhola,Barishal
8360,Hajirhat,Hajirhat,Bhola,Barishal
8350,Hatshoshiganj,Hatshoshiganj,Bhola,Barishal
8331,Daurihat,Lalmohan UPO,Bhola,Barishal
8332,Gazaria,Lalmohan UPO,Bhola,Barishal
8330,Lalmohan UPO,Lalmohan UPO,Bhola,Barishal
8402,Baukathi,Jhalokathi Sadar,Jhalokati,Barishal
8403,Gabha,Jhalokathi Sadar,Jhalokati,Barishal
8400,Jhalokathi Sadar,Jhalokathi Sadar,Jhalokati,Barishal
8401,Nabagram,Jhalokathi Sadar,Jhalokati,Barishal
8404,Shekherhat,Jhalokathi Sadar,Jhalokati,Barishal
8431,Amua,Kathalia,Jhalokati,Barishal
8430,Kathalia,Kathalia,Jhalokati,Barishal
8432,Niamatee,Kathalia,Jhalokati,Barishal
8433,Shoulajalia,Kathalia,Jhalokati,Barishal
8421,Beerkathi,Nalchhiti,Jhalokati,Barishal
8420,Nalchhiti,Nalchhiti,Jhalokati,Barishal
8410,Rajapur,Rajapur,Jhalokati,Barishal
8621,Bagabandar,Bauphal,Patuakhali,Barishal
8620,Bauphal,Bauphal,Patuakhali,Barishal
8622,Birpasha,Bauphal,Patuakhali,Barishal
8624,Kalaia,Bauphal,Patuakhali,Barishal
8623,Kalishari,Bauphal,Patuakhali,Barishal
8630,Dashmina,Dashmina,Patuakhali,Barishal
8640,Galachipa,Galachipa,Patuakhali,Barishal
8641,Gazipur Bandar,Galachipa,Patuakhali,Barishal
8650,Khepupara,Khepupara,Patuakhali,Barishal
8651,Mahipur,Khepupara,Patuakhali,Barishal
8602,Dumkee,Patuakhali Sadar,Patuakhali,Barishal
8601,Moukaran,Patuakhali Sadar,Patuakhali,Barishal
8600,Patuakhali Sadar,Patuakhali Sadar,Patuakhali,Barishal
8603,Rahimabad,Patuakhali Sadar,Patuakhali,Barishal
8610,Subidkhali,Subidkhali,Patuakhali,Barishal
8530,Banaripara,Banaripara,Pirojpur,Barishal
8531,Chakhar,Banaripara,Pirojpur,Barishal
8550,Bhandaria,Bhandaria,Pirojpur,Barishal
8552,Dhaoa,Bhandaria,Pirojpur,Barishal
8551,Kanudashkathi,Bhandaria,Pirojpur,Barishal
8513,Jolagati,Kaukhali,Pirojpur,Barishal
8512,Joykul,Kaukhali,Pirojpur,Barishal
8510,Kaukhali,Kaukhali,Pirojpur,Barishal
8511,Keundia,Kaukhali,Pirojpur,Barishal
8565,Betmor Natun Hat,Mathbaria,Pirojpur,Barishal
8563,Gulishakhali,Mathbaria,Pirojpur,Barishal
8562,Halta,Mathbaria,Pirojpur,Barishal
8560,Mathbaria,Mathbaria,Pirojpur,Barishal
8566,Shilarganj,Mathbaria,Pirojpur,Barishal
8564,Tiarkhali,Mathbaria,Pirojpur,Barishal
8561,Tushkhali,Mathbaria,Pirojpur,Barishal
8540,Nazirpur,Nazirpur,Pirojpur,Barishal
8541,Sriramkathi,Nazirpur,Pirojpur,Barishal
8501,Hularhat,Pirojpur Sadar,Pirojpur,Barishal
8502,Parerhat,Pirojpur Sadar,Pirojpur,Barishal
8500,Pirojpur Sadar,Pirojpur Sadar,Pirojpur,Barishal
8521,Darus Sunnat,Swarupkathi,Pirojpur,Barishal
8523,Jalabari,Swarupkathi,Pirojpur,Barishal
8522,Kaurikhara,Swarupkathi,Pirojpur,Barishal
8520,Swarupkathi,Swarupkathi,Pirojpur,Barishal
3360,Azmireeganj,Azmireeganj,Habiganj,Sylhet
3310,Bahubal,Bahubal,Habiganj,Sylhet
3350,Baniachang,Baniachang,Habiganj,Sylhet
3351,Jatrapasha,Baniachang,Habiganj,Sylhet
3352,Kadirganj,Baniachang,Habiganj,Sylhet
3321,Chandpurbagan,Chunarughat,Habiganj,Sylhet
3320,Chunarughat,Chunarughat,Habiganj,Sylhet
3322,Narapati,Chunarughat,Habiganj,Sylhet
3302,Gopaya,Hobiganj Sadar,Habiganj,Sylhet
3300,Hobiganj Sadar,Hobiganj Sadar,Habiganj,Sylhet
3301,Shaestaganj,Hobiganj Sadar,Habiganj,Sylhet
3340,Kalauk,Kalauk,Habiganj,Sylhet
3341,Lakhai,Kalauk,Habiganj,Sylhet
3331,Itakhola,Madhabpur,Habiganj,Sylhet
3330,Madhabpur,Madhabpur,Habiganj,Sylhet
3333,Saihamnagar,Madhabpur,Habiganj,Sylhet
3332,Shahajibazar,Madhabpur,Habiganj,Sylhet
3373,Digalbak,Nabiganj,Habiganj,Sylhet
3372,Golduba,Nabiganj,Habiganj,Sylhet
3371,Goplarbazar,Nabiganj,Habiganj,Sylhet
3374,Inathganj,Nabiganj,Habiganj,Sylhet
3370,Nabiganj,Nabiganj,Habiganj,Sylhet
3250,Baralekha,Baralekha,Moulvibazar,Sylhet
3252,Dhakkhinbag,Baralekha,Moulvibazar,Sylhet
3251,Juri,Baralekha,Moulvibazar,Sylhet
3253,Purbashahabajpur,Baralekha,Moulvibazar,Sylhet
3220,Kamalganj,Kamalganj,Moulvibazar,Sylhet
3221,Keramatnaga,Kamalganj,Moulvibazar,Sylhet
3224,Munshibazar,Kamalganj,Moulvibazar,Sylhet
3222,Patrakhola,Kamalganj,Moulvibazar,Sylhet
3223,Shamsher Nagar,Kamalganj,Moulvibazar,Sylhet
3237,Baramchal,Kulaura,Moulvibazar,Sylhet
3234,Kajaldhara,Kulaura,Moulvibazar,Sylhet
3235,Karimpur,Kulaura,Moulvibazar,Sylhet
3230,Kulaura,Kulaura,Moulvibazar,Sylhet
3232,Langla,Kulaura,Moulvibazar,Sylhet
3233,Prithimpasha,Kulaura,Moulvibazar,Sylhet
3231,Tillagaon,Kulaura,Moulvibazar,Sylhet
3203,Afrozganj,Moulvibazar Sadar,Moulvibazar,Sylhet
3201,Barakapan,Moulvibazar Sadar,Moulvibazar,Sylhet
3202,Monumukh,Moulvibazar Sadar,Moulvibazar,Sylhet
3200,Moulvibazar Sadar,Moulvibazar Sadar,Moulvibazar,Sylhet
3240,Rajnagar,Rajnagar,Moulvibazar,Sylhet
3212,Kalighat,Srimangal,Moulvibazar,Sylhet
3213,Khejurichhara,Srimangal,Moulvibazar,Sylhet
3211,Narain Chora,Srimangal,Moulvibazar,Sylhet
3214,Satgaon,Srimangal,Moulvibazar,Sylhet
3210,Srimangal,Srimangal,Moulvibazar,Sylhet
3010,Bishamsapur,Bishamsarpur,Sunamganj,Sylhet
3080,Chhatak,Chhatak,Sunamganj,Sylhet
3081,Chhatak Cement Facto,Chhatak,Sunamganj,Sylhet
3082,Chhatak Paper Mills,Chhatak,Sunamganj,Sylhet
3893,Chourangi Bazar,Chhatak,Sunamganj,Sylhet
3083,Gabindaganj,Chhatak,Sunamganj,Sylhet
3084,Gabindaganj Natun Ba,Chhatak,Sunamganj,Sylhet
3088,Islamabad,Chhatak,Sunamganj,Sylhet
3087,jahidpur,Chhatak,Sunamganj,Sylhet
3085,Khurma,Chhatak,Sunamganj,Sylhet
3086,Moinpur,Chhatak,Sunamganj,Sylhet
3040,Dhirai Chandpur,Dhirai Chandpur,Sunamganj,Sylhet
3041,Jagdal,Dhirai Chandpur,Sunamganj,Sylhet
3070,Duara bazar,Duara bazar,Sunamganj,Sylhet
3050,Ghungiar,Ghungiar,Sunamganj,Sylhet
3062,Atuajan,Jagnnathpur,Sunamganj,Sylhet
3063,Hasan Fatemapur,Jagnnathpur,Sunamganj,Sylhet
3060,Jagnnathpur,Jagnnathpur,Sunamganj,Sylhet
3064,Rasulganj,Jagnnathpur,Sunamganj,Sylhet
3065,Shiramsi,Jagnnathpur,Sunamganj,Sylhet
3061,Syedpur,Jagnnathpur,Sunamganj,Sylhet
3020,Sachna,Sachna,Sunamganj,Sylhet
3001,Pagla,Sunamganj Sadar,Sunamganj,Sylhet
3002,Patharia,Sunamganj Sadar,Sunamganj,Sylhet
3000,Sunamganj Sadar,Sunamganj Sadar,Sunamganj,Sylhet
3030,Tahirpur,Tahirpur,Sunamganj,Sylhet
3120,Balaganj,Balaganj,Sylhet,Sylhet
3125,Begumpur,Balaganj,Sylhet,Sylhet
3122,Brahman Shashon,Balaganj,Sylhet,Sylhet
3128,Gaharpur,Balaganj,Sylhet,Sylhet
3124,Goala Bazar,Balaganj,Sylhet,Sylhet
3121,Karua,Balaganj,Sylhet,Sylhet
3127,Kathal Khair,Balaganj,Sylhet,Sylhet
3129,Natun Bazar,Balaganj,Sylhet,Sylhet
3126,Omarpur,Balaganj,Sylhet,Sylhet
3123,Tajpur,Balaganj,Sylhet,Sylhet
3170,Bianibazar,Bianibazar,Sylhet,Sylhet
3175,Churkai,Bianibazar,Sylhet,Sylhet
3171,jaldup,Bianibazar,Sylhet,Sylhet
3173,Kurar bazar,Bianibazar,Sylhet,Sylhet
3172,Mathiura,Bianibazar,Sylhet,Sylhet
3174,Salia bazar,Bianibazar,Sylhet,Sylhet
3130,Bishwanath,Bishwanath,Sylhet,Sylhet
3131,Dashghar,Bishwanath,Sylhet,Sylhet
3133,Deokalas,Bishwanath,Sylhet,Sylhet
3132,Doulathpur,Bishwanath,Sylhet,Sylhet
3134,Singer kanch,Bishwanath,Sylhet,Sylhet
3116,Fenchuganj,Fenchuganj,Sylhet,Sylhet
3117,Fenchuganj SareKarkh,Fenchuganj,Sylhet,Sylhet
3152,Chiknagul,Goainhat,Sylhet,Sylhet
3150,Goainhat,Goainhat,Sylhet,Sylhet
3151,Jaflong,Goainhat,Sylhet,Sylhet
3164,banigram,Gopalganj,Sylhet,Sylhet
3165,Chandanpur,Gopalganj,Sylhet,Sylhet
3162,Dakkhin Bhadashore,Gopalganj,Sylhet,Sylhet
3161,Dhaka Dakkhin,Gopalganj,Sylhet,Sylhet
3160,Gopalgannj,Gopalganj,Sylhet,Sylhet
3163,Ranaping,Gopalganj,Sylhet,Sylhet
3156,Jainthapur,Jaintapur,Sylhet,Sylhet
3191,Ichhamati,Jakiganj,Sylhet,Sylhet
3190,Jakiganj,Jakiganj,Sylhet,Sylhet
3181,Chatulbazar,Kanaighat,Sylhet,Sylhet
3183,Gachbari,Kanaighat,Sylhet,Sylhet
3180,Kanaighat,Kanaighat,Sylhet,Sylhet
3182,Manikganj,Kanaighat,Sylhet,Sylhet
3140,Kompanyganj,Kompanyganj,Sylhet,Sylhet
3106,Birahimpur,Sylhet Sadar,Sylhet,Sylhet
3107,Jalalabad,Sylhet Sadar,Sylhet,Sylhet
3104,Jalalabad Cantoment,Sylhet Sadar,Sylhet,Sylhet
3111,Kadamtali,Sylhet Sadar,Sylhet,Sylhet
3112,Kamalbazer,Sylhet Sadar,Sylhet,Sylhet
3103,Khadimnagar,Sylhet Sadar,Sylhet,Sylhet
3113,Lalbazar,Sylhet Sadar,Sylhet,Sylhet
3108,Mogla,Sylhet Sadar,Sylhet,Sylhet
3109,Ranga Hajiganj,Sylhet Sadar,Sylhet,Sylhet
3114,Shahajalal Science &,Sylhet Sadar,Sylhet,Sylhet
3105,Silam,Sylhet Sadar,Sylhet,Sylhet
3100,Sylhe Sadar,Sylhet Sadar,Sylhet,Sylhet
3102,Sylhet Biman Bondar,Sylhet Sadar,Sylhet,Sylhet
3101,Sylhet Cadet Col,Sylhet Sadar,Sylhet,Sylhet
5270,Bangla Hili,Bangla Hili,Dinajpur,Rangpur
5210,Biral,Biral,Dinajpur,Rangpur
5266,Birampur,Birampur,Dinajpur,Rangpur
5220,Birganj,Birganj,Dinajpur,Rangpur
5240,Chrirbandar,Chrirbandar,Dinajpur,Rangpur
5241,Ranirbandar,Chrirbandar,Dinajpur,Rangpur
5201,Dinajpur Rajbari,Dinajpur Sadar,Dinajpur,Rangpur
5200,Dinajpur Sadar,Dinajpur Sadar,Dinajpur,Rangpur
5230,Khansama,Khansama,Dinajpur,Rangpur
5231,Pakarhat,Khansama,Dinajpur,Rangpur
5226,Maharajganj,Maharajganj,Dinajpur,Rangpur
5281,Daudpur,Nababganj,Dinajpur,Rangpur
5282,Gopalpur,Nababganj,Dinajpur,Rangpur
5280,Nababganj,Nababganj,Dinajpur,Rangpur
5291,Ghoraghat,Osmanpur,Dinajpur,Rangpur
5290,Osmanpur,Osmanpur,Dinajpur,Rangpur
5250,Parbatipur,Parbatipur,Dinajpur,Rangpur
5260,Phulbari,Phulbari,Dinajpur,Rangpur
5216,Setabganj,Setabganj,Dinajpur,Rangpur
5750,Bonarpara,Bonarpara,Gaibandha,Rangpur
5751,saghata,Bonarpara,Gaibandha,Rangpur
5700,Gaibandha Sadar,Gaibandha Sadar,Gaibandha,Rangpur
5740,Gobindhaganj,Gobindaganj,Gaibandha,Rangpur
5741,Mahimaganj,Gobindaganj,Gaibandha,Rangpur
5730,Palashbari,Palashbari,Gaibandha,Rangpur
5761,Bharatkhali,Phulchhari,Gaibandha,Rangpur
5760,Phulchhari,Phulchhari,Gaibandha,Rangpur
5711,Naldanga,Saadullapur,Gaibandha,Rangpur
5710,Saadullapur,Saadullapur,Gaibandha,Rangpur
5721,Bamandanga,Sundarganj,Gaibandha,Rangpur
5720,Sundarganj,Sundarganj,Gaibandha,Rangpur
5670,Bhurungamari,Bhurungamari,Kurigram,Rangpur
5630,Chilmari,Chilmari,Kurigram,Rangpur
5631,Jorgachh,Chilmari,Kurigram,Rangpur
5600,Kurigram Sadar,Kurigram Sadar,Kurigram,Rangpur
5601,Pandul,Kurigram Sadar,Kurigram,Rangpur
5680,Phulbari,Kurigram Sadar,Kurigram,Rangpur
5660,Nageshwar,Nageshwar,Kurigram,Rangpur
5611,Nazimkhan,Rajarhat,Kurigram,Rangpur
5610,Rajarhat,Rajarhat,Kurigram,Rangpur
5650,Rajibpur,Rajibpur,Kurigram,Rangpur
5640,Roumari,Roumari,Kurigram,Rangpur
5621,Bazarhat,Ulipur,Kurigram,Rangpur
5620,Ulipur,Ulipur,Kurigram,Rangpur
5510,Aditmari,Aditmari,Lalmonirhat,Rangpur
5530,Hatibandha,Hatibandha,Lalmonirhat,Rangpur
5502,Kulaghat SO,Lalmonirhat Sadar,Lalmonirhat,Rangpur
5500,Lalmonirhat Sadar,Lalmonirhat Sadar,Lalmonirhat,Rangpur
5501,Moghalhat,Lalmonirhat Sadar,Lalmonirhat,Rangpur
5541,Baura,Patgram,Lalmonirhat,Rangpur
5542,Burimari,Patgram,Lalmonirhat,Rangpur
5540,Patgram,Patgram,Lalmonirhat,Rangpur
5520,Tushbhandar,Tushbhandar,Lalmonirhat,Rangpur
5350,Dimla,Dimla,Nilphamari,Rangpur
5351,Ghaga Kharibari,Dimla,Nilphamari,Rangpur
5341,Chilahati,Domar,Nilphamari,Rangpur
5340,Domar,Domar,Nilphamari,Rangpur
5330,Jaldhaka,Jaldhaka,Nilphamari,Rangpur
5320,Kishoriganj,Kishoriganj,Nilphamari,Rangpur
5300,Nilphamari Sadar,Nilphamari Sadar,Nilphamari,Rangpur
5301,Nilphamari Sugar Mil,Nilphamari Sadar,Nilphamari,Rangpur
5310,Syedpur,Syedpur,Nilphamari,Rangpur
5311,Syedpur Upashahar,Syedpur,Nilphamari,Rangpur
5010,Boda,Boda,Panchagarh,Rangpur
5040,Chotto Dab,Chotto Dab,Panchagarh,Rangpur
5041,Mirjapur,Chotto Dab,Panchagarh,Rangpur
5020,Dabiganj,Dabiganj,Panchagarh,Rangpur
5000,Panchagar Sadar,Panchagra Sadar,Panchagarh,Rangpur
5030,Tetulia,Tetulia,Panchagarh,Rangpur
5430,Badarganj,Badarganj,Rangpur,Rangpur
5431,Shyampur,Badarganj,Rangpur,Rangpur
5410,Gangachara,Gangachara,Rangpur,Rangpur
5441,Haragachh,Kaunia,Rangpur,Rangpur
5440,Kaunia,Kaunia,Rangpur,Rangpur
5460,Mithapukur,Mithapukur,Rangpur,Rangpur
5450,Pirgachha,Pirgachha,Rangpur,Rangpur
5402,Alamnagar,Rangpur Sadar,Rangpur,Rangpur
5403,Mahiganj,Rangpur Sadar,Rangpur,Rangpur
5404,Rangpur Cadet Colleg,Rangpur Sadar,Rangpur,Rangpur
5405,Rangpur Carmiecal Col,Rangpur Sadar,Rangpur,Rangpur
5400,Rangpur Sadar,Rangpur Sadar,Rangpur,Rangpur
5401,Rangpur Upa-Shahar,Rangpur Sadar,Rangpur,Rangpur
5420,Taraganj,Taraganj,Rangpur,Rangpur
5140,Baliadangi,Baliadangi,Thakurgaon,Rangpur
5141,Lahiri,Baliadangi,Thakurgaon,Rangpur
5130,Jibanpur,Jibanpur,Thakurgaon,Rangpur
5110,Pirganj,Pirganj,Thakurgaon,Rangpur
5470,Pirganj,Pirganj,Thakurgaon,Rangpur
5121,Nekmarad,Rani Sankail,Thakurgaon,Rangpur
5120,Rani Sankail,Rani Sankail,Thakurgaon,Rangpur
5103,Ruhia,Thakurgaon Sadar,Thakurgaon,Rangpur
5102,Shibganj,Thakurgaon Sadar,Thakurgaon,Rangpur
5101,Thakurgaon Road,Thakurgaon Sadar,Thakurgaon,Rangpur
5100,Thakurgaon Sadar,Thakurgaon Sadar,Thakurgaon,Rangpur
2030,Dewangonj,Dewangonj,Jamalpur,Mymensingh
2031,Dewangonj S. Mills,Dewangonj,Jamalpur,Mymensingh
2021,Durmoot,Islampur,Jamalpur,Mymensingh
2022,Gilabari,Islampur,Jamalpur,Mymensingh
2020,Islampur,Islampur,Jamalpur,Mymensingh
2000,Jamalpur,Jamalpur,Jamalpur,Mymensingh
2001,Nandina,Jamalpur,Jamalpur,Mymensingh
2002,Narundi,Jamalpur,Jamalpur,Mymensingh
2011,Jamalpur,Malandah,Jamalpur,Mymensingh
2013,Mahmoodpur,Malandah,Jamalpur,Mymensingh
2012,Malancha,Malandah,Jamalpur,Mymensingh
2010,Malandah,Malandah,Jamalpur,Mymensingh
2041,Balijhuri,Mathargonj,Jamalpur,Mymensingh
2040,Mathargonj,Mathargonj,Jamalpur,Mymensingh
2052,Bausee,Shorishabari,Jamalpur,Mymensingh
2051,Gunerbari,Shorishabari,Jamalpur,Mymensingh
2053,Jagannath Ghat,Shorishabari,Jamalpur,Mymensingh
2055,Jamuna Sar Karkhana,Shorishabari,Jamalpur,Mymensingh
2054,Pingna,Shorishabari,Jamalpur,Mymensingh
2050,Shorishabari,Shorishabari,Jamalpur,Mymensingh
2240,Bhaluka,Bhaluka,Mymensingh,Mymensingh
2216,Fulbaria,Fulbaria,Mymensingh,Mymensingh
2234,Duttarbazar,Gaforgaon,Mymensingh,Mymensingh
2230,Gaforgaon,Gaforgaon,Mymensingh,Mymensingh
2233,Kandipara,Gaforgaon,Mymensingh,Mymensingh
2231,Shibganj,Gaforgaon,Mymensingh,Mymensingh
2232,Usti,Gaforgaon,Mymensingh,Mymensingh
2270,Gouripur,Gouripur,Mymensingh,Mymensingh
2271,Ramgopalpur,Gouripur,Mymensingh,Mymensingh
2261,Dhara,Haluaghat,Mymensingh,Mymensingh
2260,Haluaghat,Haluaghat,Mymensingh,Mymensingh
2262,Munshirhat,Haluaghat,Mymensingh,Mymensingh
2282,Atharabari,Isshwargonj,Mymensingh,Mymensingh
2280,Isshwargonj,Isshwargonj,Mymensingh,Mymensingh
2281,Sohagi,Isshwargonj,Mymensingh,Mymensingh
2210,Muktagachha,Muktagachha,Mymensingh,Mymensingh
2202,Agriculture Universi,Mymensingh Sadar,Mymensingh,Mymensingh
2204,Biddyaganj,Mymensingh Sadar,Mymensingh,Mymensingh
2201,Kawatkhali,Mymensingh Sadar,Mymensingh,Mymensingh
2200,Mymensingh Sadar,Mymensingh Sadar,Mymensingh,Mymensingh
2205,Pearpur,Mymensingh Sadar,Mymensingh,Mymensingh
2203,Shombhuganj,Mymensingh Sadar,Mymensingh,Mymensingh
2291,Gangail,Nandail,Mymensingh,Mymensingh
2290,Nandail,Nandail,Mymensingh,Mymensingh
2251,Beltia,Phulpur,Mymensingh,Mymensingh
2250,Phulpur,Phulpur,Mymensingh,Mymensingh
2252,Tarakanda,Phulpur,Mymensingh,Mymensingh
2221,Ahmadbad,Trishal,Mymensingh,Mymensingh
2223,Dhala,Trishal,Mymensingh,Mymensingh
2222,Ram Amritaganj,Trishal,Mymensingh,Mymensingh
2220,Trishal,Trishal,Mymensingh,Mymensingh
2420,Susnng Durgapur,Susung Durgapur,Netrokona,Mymensingh
2470,Atpara,Atpara,Netrokona,Mymensingh
2440,Barhatta,Barhatta,Netrokona,Mymensingh
2450,Dharampasha,Dharmapasha,Netrokona,Mymensingh
2416,Dhobaura,Dhobaura,Netrokona,Mymensingh
2417,Sakoai,Dhobaura,Netrokona,Mymensingh
2430,Kalmakanda,Kalmakanda,Netrokona,Mymensingh
2480,Kendua,Kendua,Netrokona,Mymensingh
2460,Khaliajhri,Khaliajuri,Netrokona,Mymensingh
2462,Shaldigha,Khaliajuri,Netrokona,Mymensingh
2490,Madan,Madan,Netrokona,Mymensingh
2456,Moddoynagar,Moddhynagar,Netrokona,Mymensingh
2446,Mohanganj,Mohanganj,Netrokona,Mymensingh
2401,Baikherhati,Netrakona Sadar,Netrokona,Mymensingh
2400,Netrakona Sadar,Netrakona Sadar,Netrokona,Mymensingh
2412,Jaria Jhanjhail,Purbadhola,Netrokona,Mymensingh
2410,Purbadhola,Purbadhola,Netrokona,Mymensingh
2411,Shamgonj,Purbadhola,Netrokona,Mymensingh
2140,Bakshigonj,Bakshigonj,Sherpur,Mymensingh
2120,Jhinaigati,Jhinaigati,Sherpur,Mymensingh
2151,Gonopaddi,Nakla,Sherpur,Mymensingh
2150,Nakla,Nakla,Sherpur,Mymensingh
2111,Hatibandha,Nalitabari,Sherpur,Mymensingh
2110,Nalitabari,Nalitabari,Sherpur,Mymensingh
2100,Sherpur Shadar,Sherpur Shadar,Sherpur,Mymensingh
2130,Shribardi,Shribardi,Sherpur,Mymensingh