{
  "Dhaka": "ঢাকা",
  "Sylhet": "সিলেট",
  "Chattogram": "চট্টগ্রাম",
  "Rajshahi": "রাজশাহী",
  "Khulna": "খুলনা",
  "Barishal": "বরিশাল",
  "Munshiganj": "মুন্সিগঞ্জ",
  "Narayanganj": "নারায়ণগঞ্জ",
  "Gazipur": "গাজীপুর",
  "Manikganj": "মানিকগঞ্জ",
  "Tangail": "টাঙ্গাইল",
  "Jamalpur": "জামালপুর",
  "Sherpur": "শেরপুর",
  "Kishoreganj": "কিশোরগঞ্জ",
  "Netrokona": "নেত্রকোনা",
  "Sunamganj": "সুনামগঞ্জ",
  "Moulvibazar": "মৌলভীবাজার",
  "Habiganj": "হবিগঞ্জ",
  "Brahmanbaria": "ব্রাহ্মণবাড়িয়া",
  "Cumilla": "কুমিল্লা",
  "Lakshmipur": "লক্ষ্মীপুর",
  "Noakhali": "নোয়াখালী",
  "Feni": "ফেনী",
  "Khagrachhari": "খাগড়াছড়ি",
  "Rangamati": "রাঙ্গামাটি",
  "Bandarban": "বান্দরবান",
  "Cox's Bazar": "কক্সবাজার",
  "Panchagarh": "পঞ্চগড়",
  "Dinajpur": "দিনাজপুর",
  "Nilphamari": "নীলফামারী",
  "Lalmonirhat": "লালমনিরহাট",
  "Kurigram": "কুড়িগ্রাম",
  "Gaibandha": "গাইবান্ধা",
  "Bogura": "বগুড়া",
  "Joypurhat": "জয়পুরহাট",
  "Natore": "নাটোর",
  "Pabna": "পাবনা",
  "Sirajganj": "সিরাজগঞ্জ",
  "Kushtia": "কুষ্টিয়া",
  "Meherpur": "মেহেরপুর",
  "Chuadanga": "চুয়াডাঙ্গা",
  "Jhenaidah": "ঝিনাইদহ",
  "Jashore": "যশোর",
  "Narail": "নড়াইল",
  "Magura": "মাগুরা",
  "Rajbari": "রাজবাড়ী",
  "Faridpur": "ফরিদপুর",
  "Madaripur": "মাদারীপুর",
  "Shariatpur": "শরীয়তপুর",
  "Gopalganj": "গোপালগঞ্জ",
  "Bhola": "ভোলা",
  "Jhalokati": "ঝালকাঠি",
  "Pirojpur": "পিরোজপুর",
  "Patuakhali": "পটুয়াখালী",
  "Barguna": "বরগুনা",
  "Bagerhat": "বাগেরহাট",
  "Satkhira": "সাতক্ষীরা",
  "Palton": "পল্টন",
  "Sutrapur": "সূত্রাপুর",
  "New market": "নিউমার্কেট",
  "Mohammadpur": "মোহাম্মদপুর",
  "Dhanmondi": "ধানমন্ডি",
  "Lalbag": "লালবাগ",
  "Gulshan": "গুলশান",
  "Sabujbag": "সবুজবাগ",
  "Mirpur": "মিরপুর",
  "Ramna": "রমনা",
  "Motijheel": "মতিঝিল",
  "Khilkhet": "খিলক্ষেত",
  "Uttara": "উত্তরা",
  "Jatrabari": "যাত্রাবাড়ী",
  "Keraniganj": "কেরানীগঞ্জ",
  "Nawabganj": "নবাবগঞ্জ",
  "Joypara": "জয়পাড়া",
  "Savar": "সাভার",
  "Dhamrai": "ধামরাই",
  "Demra": "ডেমরা",
  "Bandar": "বন্দর",
  "Fatullah": "ফতুল্লাহ",
  "Siddirganj": "সিদ্ধিরগঞ্জ",
  "Araihazar": "আড়াইহাজার",
  "Rupganj": "রূপগঞ্জ",
  "Sirajdikhan": "সিরাজদিখান",
  "Srinagar": "শ্রীনগর",
  "Palash": "পলাশ",
  "Shibpur": "শিবপুর",
  "Raypura": "রায়পুর",
  "Belabo": "বেলাবো",
  "Kaliganj": "কালীগঞ্জ",
  "Sreepur": "শ্রীপুর",
  "Kaliakaar": "কালিয়াকার",
  "Saturia": "সাটুরিয়া",
  "Delduar": "দেলদুয়ার",
  "Basail": "বাসাইল",
  "Nagarpur": "নাগরপুর",
  "Mirzapur": "মির্জাপুর",
  "Sakhipur": "সখীপুর",
  "Bhuapur": "ভুয়াপুর",
  "Kalihati": "কালিহাতী",
  "Ghatail": "ঘাটাইল",
  "Gopalpur": "গোপালপুর",
  "Madhupur": "মধুপুর",
  "Islampur": "ইসলামপুর",
  "Shorishabari": "সরিষাবাড়ী",
  "Nalitabari": "নালিতাবাড়ী",
  "Bakshigonj": "বকশীগঞ্জ",
  "Nakla": "নাকলা",
  "Muktagachha": "মুক্তাগাছা",
  "Fulbaria": "ফুলবাড়ীয়া",
  "Trishal": "ত্রিশাল",
  "Bhaluka": "ভালুকা",
  "Phulpur": "ফুলপুর",
  "Haluaghat": "হালুয়াঘাট",
  "Nandail": "নান্দাইল",
  "Karimganj": "করিমগঞ্জ",
  "Pakundia": "পাকুন্দিয়া",
  "Katiadi": "কটিয়াদী",
  "Bajitpur": "বাজিতপুর",
  "Kuliarchar": "কুলিয়ারচর",
  "Bhairob": "ভৈরব",
  "Nikli": "নিকলী",
  "Ostagram": "অষ্টগ্রাম",
  "Itna": "ইটনা",
  "Kalmakanda": "কলমাকান্দা",
  "Barhatta": "বারহাট্টা",
  "Mohanganj": "মোহনগঞ্জ",
  "Khaliajuri": "খালিয়াজুরী",
  "Atpara": "আটপাড়া",
  "Kendua": "কেন্দুয়া",
  "Madan": "মদন",
  "Sunamganj Sadar": "সুনামগঞ্জ",
  "Bishamsarpur": "বিষমশরপুর",
  "Tahirpur": "তাহিরপুর",
  "Chhatak": "ছাতক",
  "Fenchuganj": "ফেঞ্চুগঞ্জ",
  "Balaganj": "বালাগঞ্জ",
  "Bishwanath": "বিশ্বনাথ",
  "Jaintapur": "জয়ন্তপুর",
  "Kanaighat": "কানাইঘাট",
  "Kamalganj": "কমলগঞ্জ",
  "Kulaura": "কুলাউড়া",
  "Rajnagar": "রাজনগর",
  "Baralekha": "বড়লেখা",
  "Bahubal": "বাহুবল",
  "Chunarughat": "চুনারুঘাট",
  "Madhabpur": "মাধবপুর",
  "Nabiganj": "নবীগঞ্জ",
  "Nabinagar": "নবীনগর",
  "Banchharampur": "বাঞ্ছারামপুর",
  "Sarail": "সরাইল",
  "Nasirnagar": "নাসিরনগর",
  "Akhaura": "আখাউড়া",
  "Kasba": "কসবা",
  "Chandina": "চান্দিনা",
  "Daudkandi": "দাউদকান্দি",
  "Brahmanpara": "ব্রাহ্মণপাড়া",
  "Davidhar": "দাবিদহর",
  "Muradnagar": "মুরাদনগর",
  "Homna": "হোমনা",
  "Chouddagram": "চৌদ্দগ্রাম",
  "Barura": "বরুড়া",
  "Laksam": "লাকসাম",
  "Langalkot": "লাঙ্গলকোট",
  "Hajiganj": "হাজীগঞ্জ",
  "Shahrasti": "শাহরাস্তি",
  "Kachua": "কচুয়া",
  "Matlobganj": "মতলবগঞ্জ",
  "Faridganj": "ফরিদগঞ্জ",
  "Hayemchar": "হায়েমচর",
  "Raypur": "রায়পুর",
  "Ramganj": "রামগঞ্জ",
  "Begumganj": "বেগমগঞ্জ",
  "Basurhat": "বসুরহাট",
  "Senbag": "সেনবাগ",
  "Chatkhil": "চাটখিল",
  "Hatiya": "হাতিয়া",
  "Chhagalnaia": "ছাগলনাইয়া",
  "Sonagazi": "সোনাগাজী",
  "Sandwip": "সন্দ্বীপ",
  "Sitakunda": "সীতাকুণ্ড",
  "Mirsharai": "মীরসরাই",
  "Hathazari": "হাটহাজারী",
  "Rouzan": "রাউজান",
  "Fatikchhari": "ফটিকছড়ি",
  "Rangunia": "রাঙ্গুনিয়া",
  "Boalkhali": "বোয়ালখালী",
  "Anawara": "আনোয়ারা",
  "Satkania": "সাতকানিয়া",
  "Jaldi": "জালদী",
  "Lohagara": "লোহাগাড়া",
  "Panchhari": "পানছড়ি",
  "Diginala": "দিঘীনালা",
  "Mahalchhari": "মহালছড়ি",
  "Matiranga": "মাটিরাঙ্গা",
  "Manikchhari": "মানিকছড়ি",
  "Laxmichhari": "লক্ষীছড়ি",
  "Kalampati": "কালামপাটি",
  "Naniachhar": "নানিয়ারচর",
  "Kaptai": "কাপ্তাই",
  "Rajsthali": "রাজস্থলী",
  "Bilaichhari": "বিলাইছড়ি",
  "Jarachhari": "জুরাছড়ি",
  "Barakal": "বরকল",
  "Marishya": "মারিশ্যা",
  "Ruma": "রুমা",
  "Thanchi": "থানচি",
  "Alikadam": "আলীকদম",
  "Kutubdia": "কুতুবদিয়া",
  "Ramu": "রামু",
  "Chiringga": "চিরিঙ্গা",
  "Ukhia": "উখিয়া",
  "Teknaf": "টেকনাফ",
  "Boda": "বোদা",
  "Pirganj": "পীরগঞ্জ",
  "Baliadangi": "বালিয়াডাঙ্গী",
  "Biral": "বিড়াল",
  "Birganj": "বীরগঞ্জ",
  "Khansama": "খানসামা",
  "Phulbari": "ফুলবাড়ী",
  "Birampur": "বিরামপুর",
  "Domar": "ডোমার",
  "Dimla": "ডিমলা",
  "Gangachara": "গঙ্গাচড়া",
  "Taraganj": "তারাগঞ্জ",
  "Kaunia": "কাউনিয়া",
  "Pirgachha": "পীরগাছা",
  "Aditmari": "আদিতমারী",
  "Hatibandha": "হাতিবান্ধা",
  "Patgram": "পাটগ্রাম",
  "Rajarhat": "রাজারহাট",
  "Ulipur": "উলিপুর",
  "Chilmari": "চিলমারী",
  "Bhurungamari": "ভুরুঙ্গামারী",
  "Sundarganj": "সুন্দরগঞ্জ",
  "Palashbari": "পলাশবাড়ী",
  "Phulchhari": "ফুলছড়ি",
  "Shibganj": "শিবগঞ্জ",
  "Sariakandi": "সারিয়াকান্দি",
  "Dhunat": "ধুনট",
  "Nandigram": "নন্দিগ্রাম",
  "Alamdighi": "আলমডিঙ্গি",
  "Khetlal": "খেতলাল",
  "Akkelpur": "আক্কেলপুর",
  "Durgapur": "দুর্গাপুর",
  "Bagha": "বাঘা",
  "Godagari": "গোদাগাড়ী",
  "Rohanpur": "রোহনপুর",
  "Bholahat": "ভোলাহাট",
  "Shibganj U.P.O": "ইউপিও",
  "Gopalpur UPO": "ইউপিও",
  "Mahadebpur": "মহাদেবপুর",
  "Patnitala": "পত্নিতলা",
  "Sapahar": "সাপাহার",
  "Badalgachhi": "বদলগাছী",
  "Chatmohar": "চাটমোহর",
  "Bhangura": "ভাঙ্গুড়া",
  "Bera": "বেড়া",
  "Belkuchi": "বেলকুচি",
  "Shahjadpur": "শাহজাদপুর",
  "Tarash": "তাড়াশ",
  "Kumarkhali": "কুমারখালী",
  "Bheramara": "ভেড়ামারা",
  "Alamdanga": "আলমডাঙ্গা",
  "Damurhuda": "দামুড়হুদা",
  "Naldanga": "নলডাঙ্গা",
  "Chaugachha": "চৌগাছা",
  "Jhikargachha": "ঝিকরগাছা",
  "Keshabpur": "কেশবপুর",
  "Kalia": "কালিয়া",
  "Baliakandi": "বালিয়াকান্দি",
  "Charbhadrasan": "চরভদ্রাসন",
  "Sadarpur": "সদরপুর",
  "Bhanga": "ভাঙ্গা",
  "Nagarkanda": "নগরকান্দা",
  "Boalmari": "বোয়ালমারী",
  "Alfadanga": "আলফাডাঙ্গা",
  "Rajoir": "রাজৈর",
  "kalkini": "কালকিনি",
  "Naria": "নড়িয়া",
  "Gosairhat": "গোসাইরহাট",
  "Kotalipara": "কোটালীপাড়া",
  "Kashiani": "কাশিয়ানী",
  "Uzirpur": "উজিরপুর",
  "Agailzhara": "আগৈলঝাড়া",
  "Muladi": "মুলাদী",
  "Barajalia": "বড়জালিয়া",
  "Sahebganj": "সাহেবগঞ্জ",
  "Borhanuddin UPO": "বোরহানউদ্দিন",
  "Lalmohan UPO": "ইউপিও",
  "Rajapur": "রাজাপুর",
  "Kathalia": "কাঠালিয়া",
  "Nazirpur": "নাজিরপুর",
  "Bhandaria": "ভান্ডারিয়া",
  "Mathbaria": "মঠবাড়িয়া",
  "Bauphal": "বাউফল",
  "Galachipa": "গলাচিপা",
  "Amtali": "আমতলী",
  "Patharghata": "পাথরঘাটা",
  "Bamna": "বামনা",
  "Betagi": "বেতাগী",
  "Digalia": "দিগালিয়া",
  "Terakhada": "তেরখাদা",
  "Alaipur": "আলাইপুর",
  "Sajiara": "সাজিয়ারা",
  "Batiaghat": "বটিয়াঘাটা",
  "Paikgachha": "পাইকগাছা",
  "Kachua UPO": "ইউপিও",
  "Rampal": "রামপাল",
  "Fakirhat": "ফকিরহাট",
  "Mollahat": "মোল্লাহাট",
  "Kalaroa": "কলারোয়া",
  "Kaliganj UPO": "ইউপিও",
  "Ashashuni": "আশাশুনি",
  "Ati": "আটি",
  "Kalatia": "কলাতিয়া",
  "Hasnabad": "হাসনাবাদ",
  "Daudpur": "দাউদপুর",
  "Agla": "আগলা",
  "Palamganj": "পলমগঞ্জ",
  "Narisha": "নারিশা",
  "Haridia": "হারিদিয়া",
  "Gouragonj": "গৌউরাগঞ্জ",
  "Shimulia": "শিমুলিয়া",
  "Rajphulbaria": "রাজফুলবাড়িয়া",
  "EPZ": "ইপিজেড",
  "Kamalpur": "কমলপুর",
  "Sarulia": "সারুলিয়া",
  "Matuail": "মাতুয়াইল",
  "Madanganj": "মদনগঞ্জ",
  "Kumarbhog": "কুমারভোগ",
  "Chandna": "চান্দনা",
  "Pubail": "পুবাইল",
  "Rajendrapur": "রাজেন্দ্রপুর",
  "Gorpara": "গোরপাড়া",
  "Aricha": "আরিচা",
  "Nagarbari": "নগরবাড়ী",
  "Dhobari": "ধোবাড়ী",
  "Narundi": "নারুন্দি",
  "Ahmadbad": "আহমদাবাদ",
  "Tarakanda": "তারাকান্দা",
  "Ramgopalpur": "গোপালপুর",
  "Atharabari": "আঠারবাড়ী",
  "Bhairab": "ভৈরব",
  "Abdullahpur": "আবদুল্লাহপুর",
  "Pagla": "পাগলা",
  "Jalalabad": "জালালআবাদ",
  "Kadamtali": "কদমতলী",
  "Churkai": "চুরকাই",
  "Juri": "জুড়ী",
  "Lakhai": "লাখাই",
  "Talshahar": "তালশহর",
  "Ashuganj": "আশুগঞ্জ",
  "Poun": "পউন",
  "Laubfatehpur": "লাউবফতেহপুর",
  "Rasullabad": "রসুলাবাদ",
  "Shamgram": "শামগ্রাম",
  "Ratanpur": "রতনপুর",
  "Shahapur": "শাহাপুর",
  "Kaitala": "কাইতলা",
  "Salimganj": "সালিমগঞ্জ",
  "Jibanganj": "জীবনগঞ্জ",
  "Sarial": "সারিয়াল",
  "Shahbajpur": "শাহবাজপুর",
  "Chandura": "চান্দুরা",
  "Fandauk": "ফান্দাউক",
  "Azampur": "আজমপুর",
  "Gangasagar": "গঙ্গাসাগর",
  "Kuti": "কুটি",
  "Chandidar": "চান্দিদার",
  "Chargachh": "চরগাছ",
  "Gopinathpur": "গোপীনাথপুর",
  "Halimanagar": "হালিমানগর",
  "Courtbari": "আদালতবাড়ী",
  "Suaganj": "সুয়াগঞ্জ",
  "Chandia": "চান্দিয়া",
  "Madhaiabazar": "মাধাইয়াবাজার",
  "Gouripur": "গৌরীপুর",
  "Dashpara": "দশপাড়া",
  "Eliotganj": "এলিয়টগঞ্জ",
  "Gangamandal": "গঙ্গামন্ডল",
  "Barashalghar": "বারশালঘর",
  "Dhamtee": "ধামটি",
  "Ramchandarpur": "রামচন্দরপুর",
  "Companyganj": "কোম্পানীগঞ্জ",
  "Sonakanda": "সোনাকান্দা",
  "Pantibazar": "পান্টিবাজার",
  "Batisa": "বাটিসা",
  "Chiora": "চিওড়া",
  "Poyalgachha": "পয়ালগাছা",
  "Murdafarganj": "মুর্দাফরগঞ্জ",
  "Lakshamanpur": "লক্ষ্মণপুর",
  "Bipulasar": "বিপুলাসার",
  "Dhalua": "ঢালুয়া",
  "Chhariabazar": "ছড়িয়াবাজার",
  "Gunabati": "গুনবতী",
  "Puranbazar": "পুরানবাজার",
  "Baburhat": "বাবুরহাট",
  "Sahatali": "সাহাটালী",
  "Bolakhal": "বোলাখাল",
  "Khilabazar": "খিলাবাজার",
  "Chotoshi": "ছোটশি",
  "Shachar": "শাচর",
  "Mohanpur": "মোহনপুর",
  "Kalipur": "কালীপুর",
  "Chandra": "চন্দ্রা",
  "Rupsha": "রূপসা",
  "Gridkaliandia": "গ্রিডকালিন্দিয়া",
  "Rampurbazar": "রামপুরবাজার",
  "Gandamara": "গান্দামারা",
  "Bhabaniganj": "ভবানীগঞ্জ",
  "Choupalli": "চৌপল্লী",
  "Rakhallia": "রাখাল্লিয়া",
  "Nagerdighirpar": "নগরদীঘিরপাড়",
  "Alipur": "আলীপুর",
  "Naagmud": "নাগমুদ",
  "Dolta": "দোলতা",
  "Sonapur": "সোনাপুর",
  "Kabirhat": "কবিরহাট",
  "Choumohani": "চৌমুহনী",
  "Bazra": "বজরা",
  "Sonaimuri": "সোনাইমুড়ি",
  "Alaiarpur": "আলাইয়ারপুর",
  "Tangirpar": "টাঙ্গিরপাড়",
  "Nadona": "নাদোনা",
  "Dauti": "দাউতি",
  "Joyag": "জয়াগ",
  "Kallyandi": "কাল্যান্ডী",
  "Beezbag": "বিজবাগ",
  "Palla": "পাল্লা",
  "Bodalcourt": "বোদালকোর্ট",
  "Solla": "সোল্লা",
  "Dosh Gharia": "দশঘরিয়া",
  "Sahapur": "সাহাপুর",
  "Afazia": "আফাজিয়া",
  "Tamoraddi": "তামোরদ্দি",
  "Fazilpur": "ফাজিলপুর",
  "Laskarhat": "লস্করহাট",
  "Puabashimulia": "পুয়াবাশিমুলিয়া",
  "Dudmukha": "দুধমুখা",
  "Chhilonia": "ছিলোনিয়া",
  "Ahmadpur": "আহমদপুর",
  "Fulgazi": "ফুলগাজী",
  "Pahartoli": "পাহাড়তলী",
  "Patenga": "পাতেঙ্গা",
  "Firozshah": "ফিরোজশাহ",
  "Mohard": "মোহরদ",
  "Wazedia": "ওয়াজেদিয়া",
  "Anandabazar": "আনন্দবাজার",
  "Halishahar": "হালিশহর",
  "Halishshar": "হালিশহর",
  "Baroidhala": "বারইধালা",
  "Barabkunda": "বড়বকুন্ডা",
  "Kumira": "কুমিরা",
  "Fouzdarhat": "ফৌজদারহাট",
  "Joarganj": "জোয়ারগঞ্জ",
  "Chitt.University": "চট্টগ্রামবিশ্ববিদ্যালয়",
  "Gorduara": "গর্দুয়ারা",
  "Katirhat": "কাটিরহাট",
  "Madrasa": "মাদ্রাসা",
  "Beenajuri": "বীনাজুরী",
  "Kundeshwari": "কুন্দেশ্বরী",
  "Gahira": "গাহিরা",
  "Fatepur": "ফতেহপুর",
  "Mohamuni": "মহামুনি",
  "Nanupur": "নানুপুর",
  "Harualchhari": "হারুয়ালছড়ি",
  "Dhamair": "ধামাইর",
  "Kanungopara": "কানুঙ্গোপাড়া",
  "Saroatoli": "সারোয়াতলী",
  "Sakpura": "শাকপুরা",
  "Kadurkhal": "কাদুরখাল",
  "Anowara": "আনোয়ারা",
  "Paroikora": "পারইকোড়া",
  "Battali": "বাট্টালী",
  "Dohazari": "দোহাজারী",
  "Barma": "বর্মা",
  "Bazalia": "বাজালিয়া",
  "Banigram": "বনীগ্রাম",
  "Padua": "পাডুয়া",
  "Chunti": "চুনতি",
  "Betbunia": "বেতবুনিয়া",
  "Nanichhar": "নানিয়ারচর",
  "Chandraghona": "চন্দ্রঘোনা",
  "Lama": "লামা",
  "Zhilanja": "ঝিলঞ্জা",
  "Eidga": "ঈদগাহ",
  "Badarkali": "বদরকালী",
  "Hnila": "হ্নীলা",
  "Pakarhat": "পাকড়হাট",
  "saghata": "সাঘাটা",
  "Chandaikona": "চান্দাইকোনা",
  "Santahar": "সান্তাহার",
  "Akklepur": "আক্কেলপুর",
  "jamalganj": "জামালগঞ্জ",
  "Arani": "আরানী",
  "Amnura": "আমনুরা",
  "Madhnagar": "মাধনগর",
  "Gopalpur U.P.O": "ইউপিও",
  "Abdulpur": "আবদুলপুর",
  "Baraigram": "বড়াইগ্রাম",
  "Manda": "মান্দা",
  "Raipur": "রায়পুর",
  "Khoksa": "খোকসা",
  "Allardarga": "আল্লারদারগা",
  "Amjhupi": "আমঝুপি",
  "Andulbaria": "আন্দুলবাড়িয়া",
  "Binodpur": "বিনোদপুর",
  "Goalanda": "গোয়ালন্দ",
  "Ambikapur": "অম্বিকাপুর",
  "Kalkini": "কালকিনি",
  "Angaria": "আঙ্গারিয়া",
  "Chikandi": "চিকান্দি",
  "Gazaria": "গজারিয়া",
  "Amua": "আমুয়া",
  "Senhati": "সেনহাটী",
  "Amadee": "আমাদী",
  "kalaroa": "কলারোয়া",
  "Jigatala TSO": "জিগাতলা টিএসও",
  "Palli Unnyan Accadem": "পল্লী উন্নয়ন একাডেম",
  "Khepupara": "খেপুপাড়া",
  "Coxs Bazar Sadar": "কক্সবাজার সদর",
  "Mongla Port": "মংলা বন্দর",
  "Dagondhuia": "দাগনধুইয়া",
  "Middle Patenga": "মিডল টেক",
  "Chitt. Cantonment": "চিত্ত. ক্যান্টনমেন্ট",
  "Khodmohanpur": "খোদমোহনপুর",
  "Pashchim Kherihar Al": "পশ্চিম খেরিহার আল",
  "Paisarhat": "অর্থ ক্ষতি",
  "Betmor Natun Hat": "বেতমোড় নাতুন হাট",
  "Rajganj": "রাজগঞ্জ",
  "Chandradighalia": "চন্দ্রদিঘলিয়া",
  "Hajirghat": "হাজীরঘাট",
  "Sylhet Biman Bondar": "Sylhet Biman Bondar",
  "Baramchal": "বরমচল",
  "Bausee": "বাউসি",
  "Jessore canttonment": "যশোর সেনানিবাস",
  "Char Alexgander": "চর আলেকজান্ডার",
  "Charkulia": "চরকুলিয়া",
  "Dhapari": "ধাপারি",
  "Sylhe Sadar": "সিলেট সোবের",
  "Pashurampur": "পশুরামপুর",
  "Srimangal": "শ্রীমঙ্গল",
  "Bangabhaban TSO": "বঙ্গভবন টিএসও",
  "Dakup": "আবক্ষ",
  "Kashkawlia": "কাশকাওলিয়া",
  "Patia Head Office": "পটিয়া হেড অফিস",
  "Netrakona Sadar": "নেত্রকোনা সদর",
  "Thakurgaon Sadar": "ঠাকুরগাঁও সদর",
  "Jhinaigati": "ঝিনাইগাতী",
  "Habinagar": "হবিনগর",
  "Ghoraghat": "ঘোড়াঘাট",
  "Phultala": "ফুলতলা",
  "Oachhekpur": "ওচেকপুর",
  "Ghuramara": "ঘুরমারা",
  "Savar Canttonment": "সাভার সেনানিবাস",
  "Bagabandar": "বাগবন্দর",
  "Doulathpur": "দৌলথপুর",
  "Singra": "সিংড়া",
  "Dhaka Dakkhin": "Dhaka Dakkhin",
  "Churamankathi": "চুড়ামনকাঠি",
  "Dhala": "ভাল্লুক",
  "Jalalabad Cantoment": "জালালাবাদ সেনানিবাস",
  "Islami University": "ইসলামী বিশ্ববিদ্যালয়",
  "Bangla Hili": "এই বাংলা",
  "Mazpara": "মাজপাড়া",
  "Khurma": "খুরমা",
  "Nalta Mubaroknagar": "নলতা মোবারকনগর",
  "Nababganj": "নবাবগঞ্জ",
  "Mohajan": "মোহজন",
  "Elasin": "আমি থাকতাম",
  "Kolapara": "কোলাপাড়া",
  "P.C College": "পিসি কলেজ",
  "Hamayetpur": "হামায়েতপুর",
  "Haridia DESO": "হরিদিয়া ডেসো",
  "Dharmapasha": "ধর্মপাশা",
  "Fenchuganj SareKarkh": "ফেঞ্চুগঞ্জ সরেখড়",
  "Ram Amritaganj": "রাম অমৃতগঞ্জ",
  "Mahendiganj": "মেহেন্দিগঞ্জ",
  "D.C Mills": "ডিসি মিলস",
  "Naikhong": "নাইখং",
  "Ichapur": "ইছাপুর",
  "Chanchra": "চাঁচড়া",
  "Shoulajalia": "শৈলজালিয়া",
  "LN Mills": "এলএন মিলস",
  "Halta": "লিম্প",
  "Sonali Jute Mills": "সোনালী জুট মিলস",
  "Gochhihata": "গোছিহাটা",
  "Tushbhandar": "তুষভান্ডার",
  "Charkalekhan": "চরকালেখান",
  "Charamandi": "চরমন্দি",
  "jahidpur": "জাহিদপুর",
  "Nekmarad": "নেকমরদ",
  "Satkhira Sadar": "Satkhira Sadar",
  "Dhirai Chandpur": "দরাই চাঁদপুর",
  "Bansa Bazar": "দেশের বাজার",
  "Nahata": "ত্বকের কাছে",
  "Bharatkhali": "ভরতখালী",
  "Kazirchar": "কাজিরচর",
  "Ulpur": "উল",
  "Bogra Sadar": "Bogra Sadar",
  "Afrozganj": "আফরোজগঞ্জ",
  "Kanchan": "কাঞ্চন",
  "Lalitganj": "ললিতগঞ্জ",
  "Jamidar Hat": "জমিদার হাট",
  "Jessore Sadar": "Jessore Sadar",
  "Poradaha": "উপদেশ",
  "Gaibandha Sadar": "গাইবান্ধা সদর",
  "Kola": "কোলা",
  "Narshingdi College": "নরসিংদী কলেজ",
  "Ahsanganj": "আহসানগঞ্জ",
  "Santosh": "সন্তোষ",
  "Charam Tua": "চরাম তুয়া",
  "Dhaka Politechnic": "ঢাকা পলিটেকনিক",
  "Godaipur": "গোদাইপুর",
  "Motiganj": "মতিগঞ্জ",
  "Monirampur": "মনিরামপুর",
  "St.Martin": "সেন্ট মার্টিন",
  "Bukhainagar": "বুখাইনগর",
  "Singair": "সিঙ্গাইর",
  "Hatirdia": "আমি দুঃখিত",
  "Mohammadpur Housing": "Mohammadpur Housing",
  "Darus Sunnat": "সুন্নাহ",
  "Rajendrapur Canttome": "রাজেন্দ্রপুর ক্যান্টোম",
  "Gorai": "Gorai",
  "Lalpur S.O": "লালপুর এস.ও",
  "Langutia": "লাঙ্গুটিয়া",
  "Balihar": "বলিহার",
  "Mir Owarishpur": "মীর আওয়ারিশপুর",
  "Dakkhin Bhadashore": "Dakkhin Bhadashore",
  "Jaguarhat": "জাগুয়ার টুপি",
  "Ballabazar": "বল্লাবাজার",
  "Madhabpasha": "মাধবপাশা",
  "Bianibazar": "বিয়ানীবাজার",
  "Atuajan": "আতুয়াজান",
  "Thakur Mallik": "ঠাকুর মল্লিক",
  "Chalna Ankorage": "Chalna Ankorage",
  "Shiberhat": "শিবেরহাট",
  "Barakapan": "বারকাপন",
  "Chhoysuti": "ছৈয়সুতি",
  "Noakhali Sadar": "নোয়াখালী সদর",
  "Jakiganj": "জকিগঞ্জ",
  "Shikarpur": "শিকারপুর",
  "Moulvibazar Sadar": "Moulvibazar Sadar",
  "Shyampur": "শ্যামপুর",
  "Maharajganj": "মহারাজগঞ্জ",
  "Doulatpur": "দৌলতপুর",
  "Kapilmoni": "ক্যাপিলমনি",
  "Baiddyabal Gharia": "বৈদ্যবল ঘরিয়া",
  "Jalabari": "জলবাড়ী",
  "Prithimpasha": "পৃথিমপাশা",
  "Gobindhaganj": "গোবিন্দগঞ্জ",
  "Kansart": "কানসার্ট",
  "Dhaka Cantt.": "ঢাকা ক্যান্ট।",
  "Nazimkhan": "নাজিমখান",
  "Naobeki": "নাওবেকি",
  "Bayezid Bostami": "বায়েজিদ বোস্তামী",
  "Kadirganj": "কাদিরগঞ্জ",
  "Moukaran": "মৌকরন",
  "Kaijuri": "কৈজুরী",
  "Patkelghata": "পাটকেলঘাটা",
  "Wari TSO": "TSO এর গন্ধ",
  "Burichang": "বুড়িচং",
  "Nilphamari Sugar Mil": "নীলফামারী চিনিকল",
  "Gulishakhali": "গুলিশাখালী",
  "Dhamuirhat": "ধামুইরহাট",
  "Banaripara": "বানারীপাড়া",
  "Nitpur": "নিতপুর",
  "Baitulaman Politecni": "বায়তুলমান পলিটেকনিক",
  "kalai": "হাঁটু",
  "Khagrachari Sadar": "Khagrachari Sadar",
  "Dewanpur": "দেওয়ানপুর",
  "Hinga Nagar": "হাজেরা",
  "Sujanagar": "সুজানগর",
  "Jatrapasha": "যাত্রাপাশা",
  "Pearpur": "পেয়ারপুর",
  "Barhamganj": "বারহামগঞ্জ",
  "Mymensingh": "ময়মনসিংহ",
  "Jhitka": "ঝিটকা",
  "Kotchandpur": "কোটচাঁদপুর",
  "Kazla": "হংস",
  "Naogaon Sadar": "নওগাঁ",
  "Lahiri": "লাহিড়ী",
  "Omarpur": "ওমপুর",
  "Kulaghat SO": "কুলাঘাট এস.ও",
  "Harinakundu": "হরিণাকুন্ডু",
  "Ulania": "ইয়ানিয়া",
  "Gabura": "গাবুরা",
  "Jessore Upa-Shahar": "Jessore Upa-Shahar",
  "Dinajpur Rajbari": "Dinajpur Rajbari",
  "Rahimabad": "রহিমাবাদ",
  "Kashemabad": "কাশেমাবাদ",
  "Patgati": "পাটগাতি",
  "Gopalgannj": "গোপালগঞ্জ",
  "Ichhamati": "Ichhamati",
  "Bharawazhat": "ভরওয়াজহাট",
  "Dayarampur": "দয়ারামপুর",
  "Bhola Sadar": "ভোলা স্যার",
  "Rani Sankail": "রানী শংকাইল",
  "Gosaibari": "গোসাইবাড়ি",
  "Ishwardi": "ঈশ্বরদী",
  "Narayanhat": "নারায়ণহাট",
  "Hajirhat": "হাজিরহাট",
  "Budhhat": "বুদ্ধহাট",
  "Jashore Sadar": "Jashore Sadar",
  "Shailakupa": "শৈলকুপা",
  "Chawkbazar": "চকবাজার",
  "Ratanganj": "রতনগঞ্জ",
  "Lechhraganj": "লেছড়াগঞ্জ",
  "Kathal Khair": "কাঠাল খায়ের",
  "Khod Mohanpur": "খোদ মোহনপুর",
  "Salimabad": "সলিমাবাদ",
  "Kompanyganj": "কোম্পানীগঞ্জ",
  "Chotto Dab": "ছোটো ড্যাব",
  "Gharisar": "ঘরিসার",
  "Deokalas": "দেওকলস",
  "M.C. College": "এম.সি. কলেজ",
  "Lowhati": "লোহাটি",
  "Shiramsi": "শিরামশী",
  "Tanor": "তানোর",
  "Sonarkola": "সোনার",
  "Shahajalal Science &": "Shahajalal Science &",
  "Tiarkhali": "টিয়ারখালী",
  "Kanchanpur": "কাঞ্চনপুর",
  "Golduba": "গোল্ডুবা",
  "Sapura": "সপুরা",
  "Nagri": "বিদেশী",
  "Pak Gangni": "মিস্টার গাংনী",
  "Kashimpur": "কাশিমপুর",
  "Kapashia": "কেটে ফেলুন",
  "Shahajibazar": "শাহজীবাজার",
  "Jolagati": "জগ ডাউন",
  "Nakipur": "নকিপুর",
  "Tejgaon Industrial Area": "তেজগাঁও শিল্প এলাকা",
  "kapashia": "কাপশি",
  "Kanudashkathi": "কানুদশকাঠি",
  "Mithamoin": "মিঠামোইন",
  "Karimpur": "করিমপুর",
  "Rangpur Sadar": "রংপুর সদর",
  "Chandpur Sadar": "চাঁদপুর সদর",
  "MIthamoin": "মিথামোইন",
  "Khilgaon TSO": "খিলগাঁও টিএসও",
  "Chitalmari": "ইতালীয়",
  "Murapara": "মুরাপাড়া",
  "Madinabad": "মদিনাবাদ",
  "Inathganj": "ইনাথগঞ্জ",
  "Gaforgaon": "গফরগাঁও",
  "Adamjeenagar": "আদমজীনগর",
  "Susung Durgapur": "উদ্দেশ্য",
  "Barikhal": "বারিখাল",
  "Rajafair": "রাজাফায়ার",
  "Setabganj": "সেতাবগঞ্জ",
  "Faridpursadar": "ফরিদপুরসদর",
  "Bag Achra": "ব্যাগ আচড়া",
  "Kalaia": "লাইভ",
  "Mirpur TSO": "মিরপুর টিএসও",
  "Gajaria": "গজারিয়া",
  "Baitul Ijjat": "বায়তুল ইজ্জত",
  "Gomashtapur": "গোমষ্টপুর",
  "Mirjapur": "মির্জাপুর",
  "Surkalee": "সুরকলি",
  "Kaptai Nuton Bazar": "Kaptai Nuton Bazar",
  "Sararchar": "সরারচর",
  "Baradia": "মিরাদিয়া",
  "Ruhia": "রাশিয়া",
  "Dalal Bazar": "দালাল বাজার",
  "Itakhola": "এটি কলারযুক্ত",
  "Malancha": "মালঞ্চা",
  "Doulatkhan": "দৌলত খান",
  "Keramatnaga": "পবিত্র ড্রাগন",
  "Hossendi": "হোসেন্দি",
  "Gachbaria": "গাছবাড়িয়া",
  "Tangail Sadar": "টাঙ্গাইল সদর",
  "Chandpasha": "চাঁদপাশা",
  "Bangra": "বাংড়া",
  "Kaliko Cotton Mills": "কালিকো কটন মিলস",
  "Dakuarhat": "ডাকুয়ারহাট",
  "Hat Krishapur": "কৃষাপুরের হাট",
  "Dabiganj": "দবিগঞ্জ",
  "Gazipur Sadar": "গাজীপুর সদর",
  "Chrirbandar": "চড়িরবন্দর",
  "Satkhamair": "সাতখামাইর",
  "Kalighat": "কালীঘাট",
  "Kurigram Sadar": "কুড়িগ্রাম সদর",
  "Chhatak Cement Facto": "ছাতক সিমেন্ট ফ্যাক্টো",
  "Mahiganj": "মাহিগঞ্জ",
  "Barodi": "প্যারোডি",
  "Mathargonj": "মাথারগঞ্জ",
  "Khilkhet TSO": "খিলক্ষেত টিএসও",
  "Khalpar": "খালপাড়",
  "Betkahat": "বেতকহাতে",
  "Medini Mandal EDSO": "মেদিনী মন্ডল EDSO",
  "Birpasha": "বীরপাশা",
  "Kagmari": "কাগমারী",
  "Chandkhali": "এই এটা",
  "Ghonabanda": "ঘোনাবান্দা",
  "Hatbar Bazar": "হাটবার বাজার",
  "Kulpaddi": "কুলপদ্দি",
  "Amisha Para": "Amisha Para",
  "Bhandar Sharif": "ভান্ডার শরীফ",
  "Kawraid": "কাওরাইদ",
  "Rahamatpur": "রহমতপুর",
  "Gourambha": "গৌরম্ভ",
  "Goainhat": "গোয়াইনহাট",
  "Khalafat Bazar": "খেলাফত বাজার",
  "Moinpur": "মঈনপুর",
  "Katipara": "কনস্টেবল",
  "Dumkee": "দুমকি",
  "Mithapukur": "মিঠাপুকুর",
  "Nagarbari SO": "এটা snarky হয়েছে তাই",
  "Nasharatpur": "নাশারতপুর",
  "Bara Nagar": "বড় নগর",
  "Nalian": "অন্যান্য",
  "Chakhar": "চক্র",
  "Sharshadie": "শার্শাদি",
  "Monohordi": "মনোকর্ডস",
  "Raninagar": "রানী নগর",
  "Katabaria": "কাটাবাড়িয়া",
  "Jagdal": "জগদল",
  "Chandpur": "চাঁদপুর",
  "Ashuganj Share": "আশুগঞ্জ শেয়ার",
  "Sagarkandi": "সাগরকান্দি",
  "Feni Sadar": "ফেনী সচেতন",
  "Chougachha": "চৌগাছা",
  "Narain Chora": "নারায়ণ চোরা",
  "Maizhati": "মাইজহাটি",
  "Khalishpur": "খালিশপুর",
  "Chandan Baisha": "চন্দন বাইশা",
  "Mahmoodpur": "মাহমুদপুর",
  "Barangail": "বড়ঙ্গাইল",
  "Manikganj Sadar": "মানিকগঞ্জ সদর",
  "Kustia Sadar": "কুষ্টিয়া সচেতন",
  "Shripur": "শ্রীপুর",
  "Maksudpur": "সুহুপুর",
  "Mirzakalu": "মির্জাকালু",
  "Kamarkali": "কামারকলি",
  "Madhabdi": "মাধবী",
  "Shekherhat": "শেখেরহাট",
  "Karihati": "বড়দিন",
  "Chaprashir Hat": "চাপরাশির হাট",
  "Zahidganj": "জাহিদগঞ্জ",
  "Dharampasha": "ধরমপাশা",
  "Baura": "বাউরা",
  "Tushkhali": "তুষখালী",
  "Swarupkathi": "স্বরূপকাঠি",
  "Dagonbhuia": "দাগনভুঁই",
  "Dhakkhinbag": "ঢাকাহিনবাগ",
  "Syedpur": "সৈয়দপুর",
  "Osman Manjil": "ওসমান মঞ্জিল",
  "Comilla Contoment": "কুমিল্লা কনটমেন্ট",
  "Rangdia": "রংদিয়া",
  "Korhati": "কোরহাটি",
  "Ghorashal Urea Facto": "ঘোড়াশাল ইউরিয়া ফ্যাক্টো",
  "Chittagong Airport": "চট্টগ্রাম বিমানবন্দর",
  "Shilarganj": "শিলারগঞ্জ",
  "Bhugilhat": "ভূগিলহাট",
  "Madukhali": "তুমি এখানে",
  "Barishal Cadet": "Barishal Cadet",
  "Kamalbazer": "কামালবাজের",
  "Bhulta": "ভুল্টা",
  "Dashghar": "দশঘর",
  "Ullapara": "উল্লাপাড়া",
  "Korotia": "করোটিয়া",
  "kalaskati": "কলস্কটি",
  "Kashipur": "কাশিপুর",
  "Shamsher Nagar": "শমসের নগর",
  "Gunagari": "গুনাগরী",
  "Keshobpur": "কেশবপুর",
  "Dhaka Jute Mills": "ঢাকা জুট মিলস",
  "Khulna G.P.O": "খুলনা G.P.O",
  "Saihamnagar": "সায়হামনগর",
  "Gurugram": "গুরুগ্রাম",
  "Chuadanga Sadar": "চুয়াডাঙ্গা সদর",
  "Rupchara": "রূপছড়া",
  "UMC Jute Mills": "UMC জুট মিলস",
  "Hossenpur": "হোসেনপুর",
  "Damudhya": "ডামুধ্যা",
  "Khan Bahadur": "খান বাহাদুর",
  "Rangpur Cadet Colleg": "রংপুর ক্যাডেট কলেজ",
  "Garaikhali": "গড়াইখালী",
  "Roanchhari": "রোয়ানছড়ি",
  "Beerkathi": "বিয়ারকাঠি",
  "Nagbari": "তারা",
  "Urirchar": "উড়িরচর",
  "Dularhat": "দুলারহাট",
  "Saadullapur": "সাদুল্লাপুর",
  "Panchbibi": "পাঁচবিবি",
  "Lohani": "শেচেহান",
  "Taragunia": "তারাগুনিয়া",
  "Radhaganj bazar": "রাধাগঞ্জ বাজার",
  "Shariatpur Sadar": "Shariatpur Sadar",
  "Chilahati": "চিলাহাটি",
  "Basur Hat": "বসুর হাট",
  "Biddyaganj": "বিদ্যাগঞ্জ",
  "Nishat Nagar": "নিশাত নগর",
  "Shamgonj": "শামগঞ্জ",
  "Ramdia College": "রামদিয়া কলেজ",
  "Basabo TSO": "বাসাবা টিএসও",
  "Ratandia": "রতনদিয়া",
  "Santanpara": "সান্তানপাড়া",
  "Gabtoli": "গাবতলী",
  "Sakoai": "সাকোয়াই",
  "Tangibari": "টঙ্গিবাড়ি",
  "Chiringga S.O": "চিরিঙ্গা এস.ও",
  "Din Monir Hat": "দিন মনির হাট",
  "Rajshahi University": "রাজশাহী বিশ্ববিদ্যালয়",
  "Bandarban Sadar": "বান্দরবান সদর",
  "Kushtia Mohini": "Kushtia Mohini",
  "Haldia SO": "হলদিয়া এস.ও",
  "Jagannath Ghat": "জগন্নাথ ঘাট",
  "Sohagi": "সোহাগী",
  "Hasail": "গাধা",
  "Tejgaon TSO": "তেজগাঁও টিএসও",
  "Natore Sadar": "Natore Sadar",
  "Vaoal Jamalpur": "ভাওয়াল জামালপুর",
  "banigram": "বাণীগ্রাম",
  "Noornagar": "নূর নগর",
  "Hobiganj Sadar": "হবিগঞ্জ সদর",
  "Sannasi Bazar": "সন্নাসী বাজার",
  "East Joara": "পূর্ব জোয়ারা",
  "Chatarpaia": "চাতারপাইয়া",
  "Dhaoa": "দুজনের জন্য",
  "Bishamsapur": "বিষমসাপুর",
  "Shaldigha": "শালদিঘা",
  "Salia bazar": "বাজার হল",
  "Bishwa jaker Manjil": "বিশ্ব জাকের মঞ্জিল",
  "Jorgachh": "জরগাছ",
  "Rajghat": "রাজঘাট",
  "Khalia": "খালিয়া",
  "Chandni Mahal": "চাঁদনী মহল",
  "Laxman": "লক্ষ্মণ",
  "Bawashbaria": "বাওয়াশবাড়িয়া",
  "Dhamura": "ধামুরা",
  "Noapara": "নূহ",
  "Kishoriganj": "কিশোরগঞ্জ",
  "Rupdia": "রূপদিয়া",
  "Hasan Fatemapur": "হাসান ফাতেমাপুর",
  "Azmireeganj": "এটা জন্য যান",
  "joymantop": "joymantop",
  "Porsa": "একবার",
  "Churain": "কুরান",
  "Keundia": "লটারি",
  "Kazipur": "কাজিপুর",
  "Shaestaganj": "শায়েস্তাগঞ্জ",
  "Chandgaon": "চান্দগাঁও",
  "Al- Amin Baria Madra": "আল-আমিন বাড়িয়া মাদ্রা",
  "Bamandanga": "তারা চুমু খেলেন",
  "Dhangora": "ভালুক",
  "Ghatial": "ঘাটিয়াল",
  "Rajshahi Sugar Mills": "রাজশাহী চিনিকল",
  "B.O.F": "B.O.F",
  "Fatahabad": "ফাতাহাবাদ",
  "Shantinagr TSO": "শান্তিনগর টিএসও",
  "Ghoshghati": "ঘোষঘাটি",
  "Burimari": "বুড়িমারী",
  "Moghalhat": "মোগলহাট",
  "Tarki Bandar": "শহুরে তরকি",
  "Dhaka Cantonment TSO": "ঢাকা সেনানিবাস টিএসও",
  "Sachna": "সাচনা",
  "Beltia": "বেলটিয়া",
  "Roumari": "রৌমারী",
  "Shingbahura": "শিংবাহুরা",
  "Pak Kishoreganj": "পাক কিশোরগঞ্জ",
  "Chittagong GPO": "চট্টগ্রাম জিপিও",
  "Singer kanch": "গায়ক কাঞ্চ",
  "Chiknagul": "চিকনাগুল",
  "Barfa": "গসিপ",
  "Khejurichhara": "খেজুরিছড়া",
  "Ratoil": "Ratoil",
  "Lohagora": "জলাভূমিতে",
  "Enayetpur": "এনায়েতপুর",
  "Sylhet Cadet Col": "সিলেট ক্যাডেট কর্নেল মো",
  "Hularhat": "হুলারহাট",
  "Bazar Hasnabad": "বাজার হাসনাবাদ",
  "Barishal Sadar": "বরিশাল সদর",
  "Ghorashal": "ঘোড়াশাল",
  "Ramchandrapur": "রামচন্দ্রপুর",
  "Palisha": "পলিশা",
  "Panchdona": "পাঁচদোনা",
  "Shibaloy": "শিবলয়",
  "Kanaipur": "কানাইপুর",
  "Chuknagar": "চুকনগর",
  "Darul Ulam": "দারুল উলাম",
  "Khilpara": "খিলপাড়া",
  "Shekher Nagar": "শেখর নগর",
  "T.P. Lamua": "টি.পি. লামুয়া",
  "B.R.R": "বি.আর.আর",
  "Sangsad Bhaban TSO": "Sangsad Bhaban TSO",
  "North Katuli": "উত্তর কাটুলি",
  "Lakshimpur Sadar": "লক্ষীপুর সদর",
  "Jaflong": "জাফলং",
  "Tilakpur": "তিলকপুর",
  "Charfashion": "চরভদে",
  "Dewangonj S. Mills": "দেওয়ানগঞ্জ এস মিলস",
  "Gunakar kati": "গুণকর কাটি",
  "Uthli": "উথলি",
  "Barmi": "বার্ম",
  "Kalauk": "মিষ্টি",
  "Gonopaddi": "গণোপ্যাডস",
  "Jugirkanda": "জুগিরকান্দা",
  "Niamatee": "নিয়ামতী",
  "Sugandia": "সুগান্দিয়া",
  "Dhobaura": "কেটে ফেলুন",
  "Purbashahabajpur": "পূর্বশাহবাজপুর",
  "Moduhil": "মদুহিল",
  "Langla": "ল্যাংলা",
  "Bajrajugini": "বজ্রযুগিনী",
  "Guzra Noapara": "গুজরা নোয়াপাড়া",
  "Mogla": "আমি পারতাম",
  "Joynarayanpur": "জয়নারায়ণপুর",
  "Nilaksmibandar": "নীলক্ষ্মীবন্দর",
  "Nachol": "নিক",
  "Alamnagar": "আলমনগর",
  "Padri Shibpur": "Padri Shibpur",
  "Prasadpur": "প্রসাদপুর",
  "Nizamuddin College": "নিজামউদ্দিন কলেজ",
  "Chalna Bazar": "চালনা বাজার",
  "Kaurikhara": "কৈরিখারা",
  "Pak Barasat": "পাক বারাসাত",
  "Kurar bazar": "বাজারের ধুলো",
  "Gopalganj Sadar": "গোপালগঞ্জ সদর",
  "Rasulganj": "রসুলগঞ্জ",
  "Nalgora": "নালগোড়া",
  "Shialguni": "শিয়ালগুনি",
  "Panchagar Sadar": "পঞ্চগড় সদর",
  "Nandiapara": "নান্দিয়াপাড়া",
  "Khaliajhri": "খালিয়াঝরি",
  "Munshirhat": "মুন্সিরহাট",
  "Gaharpur": "গহরপুর",
  "Khulna Sadar": "খুলনা সদর",
  "Narsingdi": "Narsingdi",
  "Dariala": "দারিয়াল",
  "Gunerbari": "গুনেরবার কাছে",
  "Khilgaon": "খিলগাঁও",
  "Puran Bharenga": "পুরান ভারেঙ্গা",
  "Khasmathurapur": "খাসমথুরাপুর",
  "Islamia Madrasha": "Islamia Madrasha",
  "Jagnnathpur": "জগন্নাথপুর",
  "Posta TSO": "TSO পোস্ট করুন",
  "Binodpur Bazar": "বিনোদপুর মার্কেট",
  "Rajibpur": "রাজিবপুর",
  "Jhaudanga": "ঝাউডাঙ্গা",
  "Gouranagar": "গৌরনগর",
  "Abutorab": "আবুতোরাব",
  "Hardi": "হার্ডি",
  "Usti": "উপরে",
  "Khankhanapur": "খানখানাপুর",
  "Jamuna Sar Karkhana": "Jamuna Sar Karkhana",
  "Laxmipasha": "লক্ষ্মীপাশা",
  "Parbatipur": "পার্বতীপুর",
  "Char Sindhur": "Char Sindhur",
  "Islampur Shah Isain": "ইসলামপুর শাহ ঈসাইন",
  "Mustafapur": "মোস্তফাপুর",
  "Jagati": "শেয়ার করা হয়েছিল",
  "Keramatganj": "কেরামতগঞ্জ",
  "Pak Shrirampur": "পাক শ্রীরামপুর",
  "Gheor": "ঘিওর",
  "Budhpara": "বুদ্ধপাড়া",
  "Gabindaganj Natun Ba": "গাবিন্দগঞ্জ নাতুন বা",
  "Rajshahi Court": "রাজশাহী আদালত",
  "Kashem Cotton Mills": "কাশেম কটন মিলস",
  "Sarsa": "ড্রেসিং",
  "Malumghat": "মালুমঘাট",
  "Gazipur Bandar": "গাজীপুর সিটি",
  "Jaria Jhanjhail": "জারিয়া জানঝাইল",
  "Banglabazar": "বাংলাবাজার",
  "Khandarpara": "খন্দরপাড়া",
  "Mahipur": "মহিপুর",
  "Nakalia": "নাকালিয়া",
  "Jadabpur": "যাদবপুর",
  "Jibanpur": "জীবনপুর",
  "Belphulia": "বেলফুলিয়া",
  "Rangamati Sadar": "রাঙামাটি সদর",
  "Daraga Hat": "দারাগা হাট",
  "Narayanganj Sadar": "নারায়ণগঞ্জ সদর",
  "Shombhuganj": "শম্ভুগঞ্জ",
  "Shuvgachha": "এত এত",
  "Munshibazar": "মুন্সীবাজার",
  "Manaksha": "মনক্ষা",
  "Nilganj": "নীলগঞ্জ",
  "Satkhira Islamia Acc": "Satkhira Islamia Acc",
  "Ranga Hajiganj": "রাঙ্গা হাজীগঞ্জ",
  "Talora": "মাঝে মাঝে",
  "Barguna Sadar": "সদর কম্বল",
  "Shribardi": "শ্রীবরদী",
  "Moddhynagar": "মধুনগর",
  "Kaukhali": "কাউখালী",
  "jagannath Hat": "জগন্নাথ হাট",
  "Gobindaganj": "গোবিন্দগঞ্জ",
  "Jarmuki": "হিরো",
  "Jajira": "জাজিরা",
  "Pangsha": "পাংশা",
  "Digapatia": "গৃহীত",
  "BIDS": "বিআইডিএস",
  "Lalbazar": "লালবাজার",
  "Vaggyakul SO": "ভাগ্গ্যকুল এস.ও",
  "Rayenda": "রায়েন্দা",
  "Bhaggyakul": "Bhaggyakul",
  "Naldi": "নলদি",
  "Rasulpur": "রসুলপুর",
  "Foylahat": "ফয়লাহাট",
  "Tajpur": "তাজপুর",
  "Darrogahat": "দারোঘাট",
  "Dhalapara": "ধলাপাড়া",
  "Khula Sadar": "খুলা সদর",
  "Dupchachia": "দুপচাচিয়া",
  "Ghungiar": "ঘুঙ্গিয়ার",
  "Munshiganj Sadar": "মুন্সীগঞ্জ সদর",
  "Chitt. Customs Acca": "চিত্ত. কাস্টমস অ্যাকাউন্ট",
  "Bashamur": "বাশমুর",
  "Ramghar Head Office": "রামঘর হেড অফিস",
  "Patuakhali Sadar": "পটুয়াখালী সদর",
  "Babuganj": "বাবুগঞ্জ",
  "Kazirhat": "কাজিরহাট",
  "Longachh": "লংগাছ",
  "Narshingdi Sadar": "নরসিংদী সদর",
  "Nali Bandar": "নলি বন্দর",
  "Patrakhola": "পাত্রখোলা",
  "Kartikpur": "কার্তিকপুর",
  "Premtoli": "এটা প্রতিশ্রুতি",
  "Rahima Nagar": "রহিমা নগর",
  "Chitt. Politechnic In": "চিত্ত. পলিটেকনিক ইন",
  "Kakchira": "কাকচিরা",
  "Jamirta": "জামিরতা",
  "Dilkusha TSO": "দিলকুশা টিএসও",
  "Jangalia": "জাঙ্গালিয়া",
  "Kahalpur": "কাহালপুর",
  "Mohazanhat": "মোহাজানহাট",
  "Narapati": "নরপতি",
  "Laksmipur": "লক্ষ্মীপুর",
  "Nageshwar": "নাগেশ্বর",
  "Hajipur": "হাজীপুর",
  "Tillagaon": "টিলাগাঁও",
  "Joykul": "জয়কুল",
  "National University": "জাতীয় বিশ্ববিদ্যালয়",
  "Sahabrampur": "সহব্রমপুর",
  "D. Pakutia": "D. পুটিয়া",
  "Jhalokathi Sadar": "ঝালকাঠি সদর",
  "Khalifar Hat": "খলিফার হাট",
  "Sirajganj Sadar": "Sirajganj Sadar",
  "Goplarbazar": "গোপলারবাজার",
  "Jonapur": "জোনাপুর",
  "Amani Lakshimpur": "আমানী লক্ষীপুর",
  "Haragachh": "হারাগাছ",
  "Amin Jute Mills": "আমিন জুট মিলস",
  "Panpara": "পানপাড়া",
  "Ranaping": "রানাপিং",
  "Arpara": "আরপাড়া",
  "Buri Goalini": "বুড়ি গোয়ালিনী",
  "Sthal": "স্থল",
  "Kankirhat": "আপনি",
  "Maheshpur": "মহেশপুর",
  "Sonatola": "সোনাটোলা",
  "Chitt. Sailers Colon": "চিত্ত. নাবিক কোলন",
  "Export Processing": "রপ্তানি প্রক্রিয়াকরণ",
  "Mandari": "আদেশ করা",
  "Bhuabari": "ভুবারি",
  "Pura": "পুরা",
  "Nalia": "আমি কাঁদছি",
  "Bhozeshwar": "ভোজেশ্বর",
  "Ershad Nagar": "এরশাদ নগর",
  "Singari": "লাইক",
  "Nagarkandi": "নগরকান্দি",
  "Khulna University": "খুলনা বিশ্ববিদ্যালয়",
  "Bogra Canttonment": "বগুড়া সেনানিবাস",
  "Panti": "বাড়ি",
  "Kishoreganj Sadar": "কিশোরগঞ্জ সদর",
  "Basundia": "বসুন্দিয়া",
  "Ganges Bheramara": "গঙ্গা ভেড়ামারা",
  "Pakshi": "পাকশী",
  "Mymensingh Sadar": "ময়মনসিংহ সদর",
  "Purabari": "পুরবাড়ী",
  "B.I.T Post Office": "B.I.T পোস্ট অফিস",
  "Uttara Model Twon TSO": "উত্তরা মডেল টু টিএসও",
  "Dhaka Sadar HO": "ঢাকা সদরের এইচ.ও",
  "Kathakhali": "সেটাই",
  "Atra Shilpa Area": "অত্র শিল্প এলাকা",
  "Gangni": "গাংনী",
  "Najirhat": "নাজিরহাট",
  "Panchagra Sadar": "পঞ্চগড়া সদর",
  "Khulna Shipyard": "খুলনা শিপইয়ার্ড",
  "Rupatpat": "রূপপাত",
  "Naogaon": "ধৃত",
  "Subidkhali": "অপেক্ষা করবেন না",
  "Umedpur": "উমেদপুর",
  "North Halishahar": "উত্তর হালিশহর",
  "Chapinawabganj Sadar": "চাঁপিনবাবগঞ্জ সদর",
  "Tungipara": "আতশবাজি",
  "Begumpur": "বেগমপুর",
  "Iqbal Park": "ইকবাল পার্ক",
  "Bonarpara": "বোনারপাড়া",
  "Bhanganpar Bazar": "Bhanganpar Bazar",
  "Jaldia Merine Accade": "জলদিয়া মেরিন অ্যাকাড",
  "Mathiura": "মথিউরা",
  "Bhabani Jibanpur": "Bhabani Jibanpur",
  "Sampara": "সম্পারা",
  "Patang": "চার",
  "Joypurhat Sadar": "Joypurhat Sadar",
  "Kalishari": "কালিশারি",
  "Isshwargonj": "ঈশ্বরগঞ্জ",
  "Malandah": "মালান্দা",
  "Tetulia": "উপরে উঠুন",
  "Tarial": "তারিয়াল",
  "Nilphamari Sadar": "নীলফামারী সচেতন মো",
  "Amin Bazar": "Amin Bazar",
  "Porjana": "Porjana",
  "Lohajong": "লৌহজং",
  "Islamabad": "ইসলামাবাদ",
  "Murarikati": "মুরারিকাটি",
  "Comilla Sadar": "কুমিল্লা সদর",
  "Charbadrashan": "যানবাহন",
  "Kashkaolia": "কাশকাওলিয়া",
  "Kahalu": "ড্রাইভ",
  "Gabha": "কামার",
  "Baghra": "বাঘরা",
  "Bazarhat": "বাজারহাট",
  "Jessore Airbach": "যশোর এয়ারব্যাচ",
  "Rangpur Upa-Shahar": "রংপুর উপ-শহর",
  "Darshana": "দর্শনা",
  "Rangpur": "রংপুর",
  "Rajshahi Canttonment": "রাজশাহী সেনানিবাস",
  "Sukhanpukur": "সুখানপুকুর",
  "Rajarampur": "রাজারামপুর",
  "Bajua": "শার্ট",
  "Mujib Nagar Complex": "মুজিব নগর কমপ্লেক্স",
  "Thakurgaon Road": "ঠাকুরগাঁও রোড",
  "Charmugria": "কবজ",
  "Hashara": "একটি পোকা",
  "Durmoot": "দুরমুট",
  "Rezzakpur": "রাজ্জাকপুর",
  "Barabaria": "রাস্তা",
  "Sriramkathi": "শ্রীরামকাঠি",
  "Debbhata": "দেবভাটা",
  "Nuralibari": "নুরালীবাড়ী",
  "Hatshoshiganj": "হাটশীগঞ্জ",
  "Monnunagar": "মন্নু নগর",
  "Noakhali College": "Noakhali College",
  "Bhatiari": "নিয়োগ",
  "Dhuburia": "ব্যাকবোন",
  "Ramgatirhat": "রামগতিরহাট",
  "Langalbadh": "লাঙ্গলবধ",
  "Tewta": "টেউটা",
  "Ullapara R.S": "উল্লাপা আরএস",
  "Purbadhola": "পূর্বধোলা",
  "Gilabari": "গিলবাড়ি",
  "Fatulla Bazar": "ফতুল্লা বাজার",
  "Shriangan": "শ্রিংগান",
  "Maynamoti bazar": "ময়নামতি বাজার",
  "Gangail": "গাঙ্গাইল",
  "Chittagong Bandar": "চট্টগ্রাম বন্দর",
  "Karua": "রুক্ষ",
  "Safipur": "সফিপুর",
  "Baidder Bazar": "বাইদ্দার বাজার",
  "Dewangonj": "দেওয়ানগঞ্জ",
  "Jaldhaka": "জলঢাকা",
  "Siramani": "সিরামনি",
  "Dighirpar": "দীঘিরপাড়",
  "Rashidabad": "রশিদাবাদ",
  "Chandraganj": "চন্দ্রগঞ্জ",
  "Dairy Farm": "দুগ্ধ খামার",
  "Salap": "মলম",
  "Chourangi Bazar": "চৌরঙ্গী বাজার",
  "Natun Bazar": "Natun Bazar",
  "Char Jabbar": "চর জব্বার",
  "Mansa": "মানসা",
  "Niamatpur": "নিয়ামতপুর",
  "Patharia": "পাথারিয়া",
  "Mandumala": "মন্ডুমালা",
  "Jainthapur": "জৈন্তাপুর",
  "Taala": "সেটাই",
  "Chapinawbganj Sadar": "চাপিনবাবগঞ্জ সদর",
  "Kalai": "হাঁটু",
  "Gouranadi": "গৌরনদী",
  "Korerhat": "কোরেরহাট",
  "Khadimnagar": "খাদিমনগর",
  "Talma": "তালমা",
  "Chittagong Sadar": "চট্টগ্রাম সদর",
  "Yunus Nagar": "ইউনুস নগর",
  "Pura EDSO": "বিশুদ্ধ EDSO",
  "Chandanpur": "চন্দনপুর",
  "Haydarganj": "হায়দরগঞ্জ",
  "Brahamanbaria Sadar": "ব্রাহ্মণবাড়িয়া সদর",
  "Silam": "আগে",
  "Manikganj Bazar": "Manikganj Bazar",
  "Sohagpur": "সোহাগপুর",
  "Chhatak Paper Mills": "ছাতক পেপার মিলস",
  "Sathia": "সাথী",
  "Baiddya Jam Toil": "বৈদ্য জাম মেহনত",
  "Gandail": "গান্ডাইল",
  "Tejgaon": "তেজগাঁও",
  "Lohajang": "লৌহজং",
  "Nabagram": "নবগ্রাম",
  "Nalchhiti": "নলছিটি",
  "Baradal": "বড়দল",
  "Kashinathpur": "কাশিনাথপুর",
  "Jahanabad Canttonmen": "জাহানাবাদ সেনানিবাস",
  "Putia": "পুটিয়া",
  "Rajbari Sadar": "Rajbari Sadar",
  "Dhania TSO": "ধনিয়া টিএসও",
  "Saheberhat": "সাহেবেরহাট",
  "Doulatganj": "দৌলতগঞ্জ",
  "Agriculture Universi": "মহাবিশ্বের কৃষি",
  "Brahman Shashon": "ব্রাহ্মণ শাশোন",
  "jaldup": "টান",
  "Pingna": "পিংনা",
  "Meherpur Sadar": "মেহেরপুর সদর",
  "Gabindaganj": "গাবিন্দগঞ্জ",
  "Bahadurpur": "বাহাদুরপুর",
  "Lahiri Mohanpur": "লাহিড়ী মোহনপুর",
  "Ramkol": "রামকোল",
  "Hamidpur": "হামিদপুর",
  "Gazirhat": "গাজীরহাট",
  "Baikherhati": "বৈখেরহাটি",
  "Baukathi": "বউকাঠি",
  "Harua": "হারুয়া",
  "Upshi": "তিনি কে?",
  "Laskarpur": "লস্করপুর",
  "Gorakghat": "গোরাকঘাট",
  "Sarda": "সার্ডিনিয়ান",
  "Gopaya": "গোপায়া",
  "Charandwip": "চরণদ্বীপ",
  "Malkha Nagar": "মালখা নগর",
  "Rafayetpur": "রাফায়েতপুর",
  "Dinajpur Sadar": "দিনাজপুর সদর",
  "Banani TSO": "ননী টিএসও",
  "Kandipara": "সে আমাকে ছেড়ে চলে গেছে",
  "Kaptai Project": "কাপ্তাই প্রকল্প",
  "Syedpur Upashahar": "সৈয়দপুর উপশহর",
  "Panguria": "পানুরিয়া",
  "Mirkadim": "মিরকাদিম",
  "Gaila": "এটা দুঃখজনক",
  "Jhowail": "ঝোয়াইল",
  "Kishoreganj S.Mills": "কিশোরগঞ্জ এস.মিলস",
  "Pirojpur Sadar": "পিরোজপুর সদর",
  "Charghat": "চারঘাট",
  "Digalbak": "দিগলবা",
  "Sylhet Sadar": "সিলেট সদর",
  "Taharpur": "তাহারপুর",
  "Baliati": "সুবিধা নিতে",
  "Batajor": "বাটাজোর",
  "Shuarbazar": "শুয়ারবাজার",
  "Hatgurudaspur": "হাটগুরুদাসপুর",
  "Balijhuri": "বালিঝুরি",
  "Monumukh": "মনুমুখ",
  "Badarganj": "বদরগঞ্জ",
  "Mahimaganj": "মহিমাগঞ্জ",
  "Lalmonirhat Sadar": "লালমনিরহাট জাগো",
  "Moddoynagar": "মোদয়নগর",
  "Maheshganj": "মহেশগঞ্জ",
  "Elinga": "মনে রাখবেন",
  "Boubi": "বউবি",
  "Osmanpur": "ওসমানপুর",
  "Chapai Nawabganj": "Chapai Nawabganj",
  "Goala Bazar": "খালি বাজার",
  "Baniachang": "বানিয়াচং",
  "Chandpurbagan": "চাঁদপুরবাগান",
  "Gendaria TSO": "গেন্ডারিয়া টিএসও",
  "Sonatunia": "সোনাতুনিয়া",
  "Mohera": "মোহেরা",
  "Batkiamari": "বটকিয়ামারী",
  "Duara bazar": "দরজা বাজার",
  "Baligao": "বালিগাও",
  "Mrigibazar": "মৃগিবাজার",
  "Jinaidaha Sadar": "ঝিনাইদহ সচেতন মো",
  "Chatulbazar": "চতুলবাজার",
  "Bhedorganj": "ভেদরগঞ্জ",
  "Kumiradaha": "কুমিরদহ",
  "Narail Sadar": "Narail Sadar",
  "BIT Khulna": "বিআইটি খুলনা",
  "Pandul": "অ্যাম্বুশ",
  "Gulshan Model Town": "গুলশান মডেল টাউন",
  "Bagharpara": "বাঘারপাড়া",
  "Banwarinagar": "বনওয়ারীনগর",
  "Debottar": "দেবোত্তর",
  "Kajaldhara": "কাজলধারা",
  "Ranirbandar": "রানীরবন্দর",
  "Susnng Durgapur": "সুসং দুর্গাপুর",
  "Pabna Sadar": "পাবনা সদর",
  "Telisatee": "টেলিসাটি",
  "Charhajari": "চরহাজারী",
  "Birahimpur": "বিরাহিমপুর",
  "Rikabibazar": "রিকাবিবাজার",
  "Morelganj": "মোরেলগঞ্জ",
  "Thanar Hat": "Thanar Hat",
  "Dhara": "ধারা",
  "Mriddarhat": "মৃধারহাট",
  "Patharail": "পাথরাইল",
  "Bandai": "পশুপাল",
  "Nandina": "নন্দিনা",
  "Magura Sadar": "মাগুরা সদর",
  "Duttarbazar": "দত্তর বাজার",
  "Dhaka GPO": "ঢাকা জিপিও",
  "Khordo": "খোরদো",
  "Duttapara": "দত্তের কাছে",
  "Thakurgaon": "ঠাকুরগাঁও",
  "Rampura TSO": "রামপুরা টিএসও",
  "Gachbari": "সবকিছু",
  "Saver P.A.T.C": "সেভার P.A.T.C",
  "Shibloya": "শিবলয়",
  "Gopaldi": "গোপালদী",
  "Rangpur Carmiecal Col": "রংপুর কারমিক্যাল কর্নেল",
  "Adamdighi": "আদমদীঘি",
  "Jahangirnagar University": "Jahangirnagar University",
  "Rajshahi Sadar": "রাজশাহী সদর",
  "Warri paikpara": "ওয়ারী পাইকপাড়া",
  "Faridpur Sadar": "ফরিদপুর সদর",
  "Madaripur Sadar": "মাদারীপুর সদর",
  "Jinaidaha Cadet College": "ঝিনাইদহ ক্যাডেট কলেজ",
  "New Market TSO": "নিউ মার্কেট টিএসও",
  "Dashmina": "দশমিনা",
  "Madini Mandal": "খনিজ মন্ডল",
  "Satgaon": "সাতগাঁও",
  "Amla Sadarpur": "আমলা সদরপুর",
  "Parerhat": "পারেরহাট",
  "Malonga": "সফলতা",
  "Janipur": "জানিপুর",
  "Kawatkhali": "আপাতত",
  "Hemnagar": "হেমনগর",
  "Sherpur Shadar": "শেরপুর শদর",
  "Ghaga Kharibari": "ঘাগা খড়িবাড়ি",
  "Joynagar": "জয় নগর",
  "Bogura Sadar": "Bogura Sadar",
  "Bagerhat Sadar": "বাগেরহাট সদর",
  "Baira": "ধারালো",
  "Benapole": "বেনাপোল",
  "Jafrabad": "জাফরাবাদ",
  "Daurihat": "দাউড়িহাট",
  "Kochua": "কাকো"
}